relic_name,reward_name,rarity,vaulted
Axi A1,Akstiletto Prime Barrel,uncommon,True
Axi A1,Trinity Prime Systems Blueprint,common,True
Axi A1,Fragor Prime Head,common,True
Axi A1,Dual Kamas Prime Handle,uncommon,True
Axi A1,Braton Prime Stock,common,True
Axi A1,Nikana Prime Blueprint,rare,True
Axi A10,Aksomati Prime Link,rare,True
Axi A10,Wukong Prime Chassis Blueprint,uncommon,True
Axi A10,Paris Prime Grip,uncommon,True
Axi A10,Akbronco Prime Blueprint,common,True
Axi A10,Forma Blueprint,common,True
Axi A10,Stradavar Prime Receiver,common,True
Axi A11,Atlas Prime Neuroptics Blueprint,rare,True
Axi A11,Pangolin Prime Blade,uncommon,True
Axi A11,Wukong Prime Systems Blueprint,uncommon,True
Axi A11,Zhuge Prime String,common,True
Axi A11,Fang Prime Blueprint,common,True
Axi A11,Burston Prime Receiver,common,True
Axi A12,Akbolto Prime Receiver,rare,True
Axi A12,Helios Prime Systems,uncommon,True
Axi A12,Banshee Prime Blueprint,uncommon,True
Axi A12,Forma Blueprint,common,True
Axi A12,Mirage Prime Chassis Blueprint,common,True
Axi A12,Kogake Prime Boot,common,True
Axi A13,Aksomati Prime Link,rare,True
Axi A13,Orthos Prime Blueprint,uncommon,True
Axi A13,Pangolin Prime Blade,uncommon,True
Axi A13,Forma Blueprint,common,True
Axi A13,Burston Prime Receiver,common,True
Axi A13,Inaros Prime Systems Blueprint,common,True
Axi A14,Aksomati Prime Link,rare,True
Axi A14,Karyst Prime Handle,uncommon,True
Axi A14,Nidus Prime Blueprint,uncommon,True
Axi A14,Zakti Prime Receiver,common,True
Axi A14,Paris Prime Blueprint,common,True
Axi A14,Volnus Prime Blueprint,common,True
Axi A15,Aksomati Prime Link,rare,True
Axi A15,Oberon Prime Systems Blueprint,uncommon,True
Axi A15,Ivara Prime Systems Blueprint,uncommon,True
Axi A15,Baza Prime Receiver,common,True
Axi A15,Forma Blueprint,common,True
Axi A15,Sybaris Prime Stock,common,True
Axi A16,Afuris Prime Receiver,rare,True
Axi A16,Revenant Prime Systems Blueprint,uncommon,True
Axi A16,Harrow Prime Neuroptics Blueprint,uncommon,True
Axi A16,Scourge Prime Blade,common,True
Axi A16,Braton Prime Blueprint,common,True
Axi A16,Fang Prime Handle,common,True
Axi A17,Afuris Prime Receiver,rare,True
Axi A17,Orthos Prime Blueprint,uncommon,True
Axi A17,Shade Prime Blueprint,uncommon,True
Axi A17,Forma Blueprint,common,True
Axi A17,Wisp Prime Systems Blueprint,common,True
Axi A17,Braton Prime Barrel,common,True
Axi A18,Acceltra Prime Stock,rare,True
Axi A18,Akbronco Prime Link,uncommon,True
Axi A18,Hildryn Prime Chassis Blueprint,uncommon,True
Axi A18,Forma Blueprint,common,True
Axi A18,Paris Prime Lower Limb,common,True
Axi A18,Cobra & Crane Prime Hilt,common,True
Axi A19,Acceltra Prime Stock,rare,True
Axi A19,Xaku Prime Systems Blueprint,uncommon,True
Axi A19,Larkspur Prime Receiver,uncommon,True
Axi A19,Paris Prime Blueprint,common,True
Axi A19,Bronco Prime Receiver,common,True
Axi A19,Epitaph Prime Blueprint,common,True
Axi A2,Aklex Prime Link,rare,True
Axi A2,Aklex Prime Blueprint,uncommon,True
Axi A2,Lex Prime Blueprint,uncommon,True
Axi A2,Lex Prime Receiver,common,True
Axi A2,Forma Blueprint,common,True
Axi A2,Lex Prime Barrel,common,True
Axi A20,Alternox Prime Blueprint,rare,True
Axi A20,Kompressa Prime Receiver,uncommon,True
Axi A20,Lavos Prime Neuroptics Blueprint,uncommon,True
Axi A20,Cedo Prime Stock,common,True
Axi A20,Daikyu Prime String,common,True
Axi A20,Velox Prime Receiver,common,True
Axi A21,Alternox Prime Stock,rare,False
Axi A21,Voruna Prime Chassis Blueprint,uncommon,False
Axi A21,Cedo Prime Barrel,uncommon,False
Axi A21,Styanax Prime Blueprint,common,False
Axi A21,Forma Blueprint,common,False
Axi A21,Vadarya Prime Stock,common,False
Axi A22,Afentis Prime Blueprint,rare,False
Axi A22,2X Forma Blueprint,uncommon,False
Axi A22,Kompressa Prime Receiver,uncommon,False
Axi A22,Dual Zoren Prime Handle,common,False
Axi A22,Burston Prime Blueprint,common,False
Axi A22,Venato Prime Handle,common,False
Axi A23,Aksomati Prime Link,rare,
Axi A23,Protea Prime Neuroptics Blueprint,uncommon,
Axi A23,Burston Prime Barrel,uncommon,
Axi A23,Burston Prime Stock,common,
Axi A23,Velox Prime Receiver,common,
Axi A23,Forma Blueprint,common,
Axi A3,Akbolto Prime Receiver,rare,True
Axi A3,Hydroid Prime Neuroptics Blueprint,uncommon,True
Axi A3,Cernos Prime String,uncommon,True
Axi A3,Braton Prime Barrel,common,True
Axi A3,Helios Prime Carapace,common,True
Axi A3,Kogake Prime Boot,common,True
Axi A4,Akbolto Prime Receiver,rare,True
Axi A4,Fang Prime Handle,uncommon,True
Axi A4,Ballistica Prime String,uncommon,True
Axi A4,Braton Prime Stock,common,True
Axi A4,Forma Blueprint,common,True
Axi A4,Zephyr Prime Neuroptics Blueprint,common,True
Axi A5,Akvasto Prime Blueprint,rare,True
Axi A5,Vasto Prime Blueprint,uncommon,True
Axi A5,Akvasto Prime Link,uncommon,True
Axi A5,Vasto Prime Barrel,common,True
Axi A5,Vasto Prime Receiver,common,True
Axi A5,Forma Blueprint,common,True
Axi A6,Atlas Prime Neuroptics Blueprint,rare,True
Axi A6,Zhuge Prime Blueprint,uncommon,True
Axi A6,Tipedo Prime Ornament,uncommon,True
Axi A6,Orthos Prime Handle,common,True
Axi A6,Braton Prime Stock,common,True
Axi A6,Chroma Prime Blueprint,common,True
Axi A7,Ash Prime Systems Blueprint,rare,True
Axi A7,Fragor Prime Blueprint,uncommon,True
Axi A7,2X Forma Blueprint,uncommon,True
Axi A7,Carrier Prime Systems,common,True
Axi A7,Braton Prime Blueprint,common,True
Axi A7,Akstiletto Prime Receiver,common,True
Axi A8,Aksomati Prime Link,rare,True
Axi A8,Gram Prime Blueprint,uncommon,True
Axi A8,2X Forma Blueprint,uncommon,True
Axi A8,Pyrana Prime Barrel,common,True
Axi A8,Braton Prime Stock,common,True
Axi A8,Equinox Prime Chassis Blueprint,common,True
Axi A9,Atlas Prime Neuroptics Blueprint,rare,True
Axi A9,Ivara Prime Systems Blueprint,uncommon,True
Axi A9,Akbronco Prime Link,uncommon,True
Axi A9,Lex Prime Blueprint,common,True
Axi A9,Rubico Prime Stock,common,True
Axi A9,Gram Prime Blade,common,True
Axi B1,Banshee Prime Systems Blueprint,rare,True
Axi B1,Cernos Prime Blueprint,uncommon,True
Axi B1,Kavasa Prime Buckle,uncommon,True
Axi B1,Euphona Prime Blueprint,common,True
Axi B1,Ash Prime Chassis Blueprint,common,True
Axi B1,Fang Prime Blade,common,True
Axi B10,Ballistica Prime Blueprint,rare,
Axi B10,Epitaph Prime Barrel,uncommon,
Axi B10,Sevagoth Prime Systems Blueprint,uncommon,
Axi B10,Nautilus Prime Blueprint,common,
Axi B10,Burston Prime Blueprint,common,
Axi B10,Forma Blueprint,common,
Axi B2,Banshee Prime Systems Blueprint,rare,True
Axi B2,2X Forma Blueprint,uncommon,True
Axi B2,Orthos Prime Blueprint,uncommon,True
Axi B2,Fragor Prime Head,common,True
Axi B2,Sybaris Prime Blueprint,common,True
Axi B2,Fang Prime Blade,common,True
Axi B3,Baza Prime Stock,rare,True
Axi B3,Zhuge Prime Receiver,uncommon,True
Axi B3,Atlas Prime Chassis Blueprint,uncommon,True
Axi B3,Paris Prime Lower Limb,common,True
Axi B3,Stradavar Prime Stock,common,True
Axi B3,Forma Blueprint,common,True
Axi B4,Baza Prime Blueprint,rare,True
Axi B4,Ivara Prime Blueprint,uncommon,True
Axi B4,Karyst Prime Handle,uncommon,True
Axi B4,Aksomati Prime Blueprint,common,True
Axi B4,Akjagara Prime Blueprint,common,True
Axi B4,Paris Prime Lower Limb,common,True
Axi B5,Baruuk Prime Neuroptics Blueprint,rare,True
Axi B5,Nagantaka Prime Receiver,uncommon,True
Axi B5,Volnus Prime Head,uncommon,True
Axi B5,Paris Prime Lower Limb,common,True
Axi B5,Knell Prime Blueprint,common,True
Axi B5,Forma Blueprint,common,True
Axi B6,Baruuk Prime Neuroptics Blueprint,rare,True
Axi B6,Shade Prime Systems,uncommon,True
Axi B6,Garuda Prime Chassis Blueprint,uncommon,True
Axi B6,Lex Prime Barrel,common,True
Axi B6,Forma Blueprint,common,True
Axi B6,Afuris Prime Blueprint,common,True
Axi B7,Baruuk Prime Neuroptics Blueprint,rare,True
Axi B7,Gauss Prime Blueprint,uncommon,True
Axi B7,Hystrix Prime Blueprint,uncommon,True
Axi B7,Forma Blueprint,common,True
Axi B7,Burston Prime Blueprint,common,True
Axi B7,Wisp Prime Systems Blueprint,common,True
Axi B8,Baruuk Prime Neuroptics Blueprint,rare,True
Axi B8,Fang Prime Handle,uncommon,True
Axi B8,Revenant Prime Systems Blueprint,uncommon,True
Axi B8,Okina Prime Blade,common,True
Axi B8,Forma Blueprint,common,True
Axi B8,Burston Prime Blueprint,common,True
Axi B9,Baruuk Prime Blueprint,rare,True
Axi B9,Cobra & Crane Prime Blueprint,uncommon,True
Axi B9,Baruuk Prime Neuroptics Blueprint,uncommon,True
Axi B9,Afuris Prime Blueprint,common,True
Axi B9,Braton Prime Blueprint,common,True
Axi B9,Forma Blueprint,common,True
Axi C1,Cernos Prime Lower Limb,rare,True
Axi C1,Orthos Prime Blueprint,uncommon,True
Axi C1,2X Forma Blueprint,uncommon,True
Axi C1,Trinity Prime Neuroptics Blueprint,common,True
Axi C1,Vectis Prime Barrel,common,True
Axi C1,Lex Prime Receiver,common,True
Axi C10,Caliban Prime Systems Blueprint,rare,True
Axi C10,Daikyu Prime Lower Limb,uncommon,True
Axi C10,2X Forma Blueprint,uncommon,True
Axi C10,Epitaph Prime Blueprint,common,True
Axi C10,Okina Prime Blade,common,True
Axi C10,Lavos Prime Chassis Blueprint,common,True
Axi C11,Caliban Prime Systems Blueprint,rare,True
Axi C11,Daikyu Prime Lower Limb,uncommon,True
Axi C11,Akbronco Prime Link,uncommon,True
Axi C11,Perigale Prime Stock,common,True
Axi C11,Epitaph Prime Blueprint,common,True
Axi C11,Braton Prime Barrel,common,True
Axi C12,Citrine Prime Neuroptics Blueprint,rare,
Axi C12,Kestrel Prime Blueprint,uncommon,
Axi C12,Corufell Prime Handle,uncommon,
Axi C12,Vadarya Prime Stock,common,
Axi C12,Daikyu Prime Blueprint,common,
Axi C12,Alternox Prime Receiver,common,
Axi C2,Cernos Prime Lower Limb,rare,True
Axi C2,Silva & Aegis Prime Blade,uncommon,True
Axi C2,Fragor Prime Handle,uncommon,True
Axi C2,Forma Blueprint,common,True
Axi C2,Trinity Prime Systems Blueprint,common,True
Axi C2,Braton Prime Blueprint,common,True
Axi C3,Chroma Prime Systems Blueprint,rare,True
Axi C3,Banshee Prime Blueprint,uncommon,True
Axi C3,Pyrana Prime Receiver,uncommon,True
Axi C3,Helios Prime Carapace,common,True
Axi C3,Forma Blueprint,common,True
Axi C3,Hydroid Prime Chassis Blueprint,common,True
Axi C4,Chroma Prime Systems Blueprint,rare,True
Axi C4,Sybaris Prime Receiver,uncommon,True
Axi C4,Kogake Prime Blueprint,uncommon,True
Axi C4,Braton Prime Blueprint,common,True
Axi C4,Hydroid Prime Chassis Blueprint,common,True
Axi C4,Pyrana Prime Barrel,common,True
Axi C5,Corinth Prime Barrel,rare,True
Axi C5,Tipedo Prime Ornament,uncommon,True
Axi C5,Akbronco Prime Link,uncommon,True
Axi C5,Braton Prime Barrel,common,True
Axi C5,Panthera Prime Blueprint,common,True
Axi C5,Tekko Prime Gauntlet,common,True
Axi C6,Corinth Prime Barrel,rare,True
Axi C6,Pandero Prime Barrel,uncommon,True
Axi C6,Ivara Prime Systems Blueprint,uncommon,True
Axi C6,Pangolin Prime Handle,common,True
Axi C6,Karyst Prime Blueprint,common,True
Axi C6,Forma Blueprint,common,True
Axi C7,Corinth Prime Barrel,rare,True
Axi C7,Volnus Prime Head,uncommon,True
Axi C7,Tenora Prime Stock,uncommon,True
Axi C7,Bronco Prime Blueprint,common,True
Axi C7,Magnus Prime Blueprint,common,True
Axi C7,Lex Prime Receiver,common,True
Axi C8,Corinth Prime Stock,rare,True
Axi C8,Pangolin Prime Blade,uncommon,True
Axi C8,Volnus Prime Head,uncommon,True
Axi C8,Gara Prime Systems Blueprint,common,True
Axi C8,Burston Prime Blueprint,common,True
Axi C8,Forma Blueprint,common,True
Axi C9,Cobra & Crane Prime Guard,rare,True
Axi C9,Tatsu Prime Blade,uncommon,True
Axi C9,Phantasma Prime Stock,uncommon,True
Axi C9,Revenant Prime Chassis Blueprint,common,True
Axi C9,Braton Prime Receiver,common,True
Axi C9,Forma Blueprint,common,True
Axi D1,Destreza Prime Blade,rare,True
Axi D1,Zhuge Prime Receiver,uncommon,True
Axi D1,2X Forma Blueprint,uncommon,True
Axi D1,Braton Prime Blueprint,common,True
Axi D1,Chroma Prime Blueprint,common,True
Axi D1,Tiberon Prime Receiver,common,True
Axi D2,Destreza Prime Blade,rare,True
Axi D2,2X Forma Blueprint,uncommon,True
Axi D2,Rubico Prime Stock,uncommon,True
Axi D2,Aksomati Prime Receiver,common,True
Axi D2,Braton Prime Blueprint,common,True
Axi D2,Destreza Prime Handle,common,True
Axi D3,Dual Kamas Prime Blade,rare,True
Axi D3,Pyrana Prime Receiver,uncommon,True
Axi D3,Destreza Prime Blueprint,uncommon,True
Axi D3,Limbo Prime Systems Blueprint,common,True
Axi D3,Lex Prime Blueprint,common,True
Axi D3,Braton Prime Stock,common,True
Axi D4,Dakra Prime Blade,rare,True
Axi D4,Boar Prime Barrel,uncommon,True
Axi D4,Mag Prime Neuroptics Blueprint,uncommon,True
Axi D4,Latron Prime Barrel,common,True
Axi D4,Frost Prime Neuroptics Blueprint,common,True
Axi D4,Forma Blueprint,common,True
Axi D5,Dual Keres Prime Blueprint,rare,True
Axi D5,Larkspur Prime Stock,uncommon,True
Axi D5,Revenant Prime Neuroptics Blueprint,uncommon,True
Axi D5,Akarius Prime Barrel,common,True
Axi D5,Afuris Prime Blueprint,common,True
Axi D5,Paris Prime Upper Limb,common,True
Axi D6,Dual Zoren Prime Blade,rare,False
Axi D6,Orthos Prime Blade,uncommon,False
Axi D6,Cedo Prime Barrel,uncommon,False
Axi D6,Lex Prime Receiver,common,False
Axi D6,Lavos Prime Chassis Blueprint,common,False
Axi D6,Paris Prime Lower Limb,common,False
Axi E1,Ember Prime Blueprint,rare,True
Axi E1,Glaive Prime Blade,uncommon,True
Axi E1,2X Forma Blueprint,uncommon,True
Axi E1,Latron Prime Barrel,common,True
Axi E1,Sicarus Prime Blueprint,common,True
Axi E1,Frost Prime Neuroptics Blueprint,common,True
Axi E2,Euphona Prime Receiver,rare,True
Axi E2,Bronco Prime Barrel,uncommon,True
Axi E2,2X Forma Blueprint,uncommon,True
Axi E2,Paris Prime Blueprint,common,True
Axi E2,Lex Prime Receiver,common,True
Axi E2,Braton Prime Stock,common,True
Axi F1,Fragor Prime Blueprint,rare,True
Axi F1,Atlas Prime Systems Blueprint,uncommon,True
Axi F1,Vauban Prime Blueprint,uncommon,True
Axi F1,Lex Prime Blueprint,common,True
Axi F1,Forma Blueprint,common,True
Axi F1,Braton Prime Stock,common,True
Axi F2,Fulmin Prime Receiver,rare,True
Axi F2,Velox Prime Blueprint,uncommon,True
Axi F2,Wisp Prime Neuroptics Blueprint,uncommon,True
Axi F2,Revenant Prime Chassis Blueprint,common,True
Axi F2,Bronco Prime Receiver,common,True
Axi F2,Masseter Prime Handle,common,True
Axi F3,Fulmin Prime Receiver,rare,True
Axi F3,Bronco Prime Barrel,uncommon,True
Axi F3,Lavos Prime Blueprint,uncommon,True
Axi F3,Forma Blueprint,common,True
Axi F3,Epitaph Prime Blueprint,common,True
Axi F3,Braton Prime Stock,common,True
Axi G1,Galatine Prime Blueprint,rare,True
Axi G1,Kavasa Prime Kubrow Collar Blueprint,uncommon,True
Axi G1,2X Forma Blueprint,uncommon,True
Axi G1,Nekros Prime Chassis Blueprint,common,True
Axi G1,Saryn Prime Systems Blueprint,common,True
Axi G1,Paris Prime Blueprint,common,True
Axi G10,Garuda Prime Systems Blueprint,rare,True
Axi G10,Larkspur Prime Receiver,uncommon,True
Axi G10,Hystrix Prime Blueprint,uncommon,True
Axi G10,Corvas Prime Receiver,common,True
Axi G10,Forma Blueprint,common,True
Axi G10,Orthos Prime Handle,common,True
Axi G11,Grendel Prime Systems Blueprint,rare,True
Axi G11,Braton Prime Blueprint,uncommon,True
Axi G11,Afuris Prime Link,uncommon,True
Axi G11,Forma Blueprint,common,True
Axi G11,Orthos Prime Handle,common,True
Axi G11,Shade Prime Cerebrum,common,True
Axi G12,Garuda Prime Neuroptics Blueprint,rare,True
Axi G12,Masseter Prime Blueprint,uncommon,True
Axi G12,2X Forma Blueprint,uncommon,True
Axi G12,Bronco Prime Blueprint,common,True
Axi G12,Revenant Prime Chassis Blueprint,common,True
Axi G12,Burston Prime Blueprint,common,True
Axi G13,Garuda Prime Neuroptics Blueprint,rare,True
Axi G13,Nagantaka Prime Receiver,uncommon,True
Axi G13,Khora Prime Chassis Blueprint,uncommon,True
Axi G13,Hystrix Prime Barrel,common,True
Axi G13,Lex Prime Barrel,common,True
Axi G13,Forma Blueprint,common,True
Axi G14,Grendel Prime Systems Blueprint,rare,True
Axi G14,2X Forma Blueprint,uncommon,True
Axi G14,Zylok Prime Receiver,uncommon,True
Axi G14,Quassus Prime Handle,common,True
Axi G14,Fang Prime Blade,common,True
Axi G14,Sevagoth Prime Neuroptics Blueprint,common,True
Axi G15,Gauss Prime Systems Blueprint,rare,True
Axi G15,Zylok Prime Receiver,uncommon,True
Axi G15,Paris Prime Grip,uncommon,True
Axi G15,Grendel Prime Neuroptics Blueprint,common,True
Axi G15,Bronco Prime Blueprint,common,True
Axi G15,Forma Blueprint,common,True
Axi G2,Gram Prime Handle,rare,True
Axi G2,Tipedo Prime Ornament,uncommon,True
Axi G2,Redeemer Prime Blueprint,uncommon,True
Axi G2,Wukong Prime Neuroptics Blueprint,common,True
Axi G2,Akbolto Prime Blueprint,common,True
Axi G2,Burston Prime Receiver,common,True
Axi G3,Gram Prime Handle,rare,True
Axi G3,Burston Prime Barrel,uncommon,True
Axi G3,Kronen Prime Handle,uncommon,True
Axi G3,Lex Prime Blueprint,common,True
Axi G3,Forma Blueprint,common,True
Axi G3,Ninkondi Prime Blueprint,common,True
Axi G4,Gram Prime Handle,rare,True
Axi G4,Pangolin Prime Blade,uncommon,True
Axi G4,Burston Prime Barrel,uncommon,True
Axi G4,Fang Prime Blueprint,common,True
Axi G4,Aksomati Prime Receiver,common,True
Axi G4,Tekko Prime Gauntlet,common,True
Axi G5,Gram Prime Handle,rare,True
Axi G5,Zephyr Prime Blueprint,uncommon,True
Axi G5,2X Forma Blueprint,uncommon,True
Axi G5,Chroma Prime Blueprint,common,True
Axi G5,Tiberon Prime Receiver,common,True
Axi G5,Burston Prime Stock,common,True
Axi G6,Gara Prime Blueprint,rare,True
Axi G6,Braton Prime Stock,uncommon,True
Axi G6,Nezha Prime Blueprint,uncommon,True
Axi G6,Aksomati Prime Blueprint,common,True
Axi G6,Karyst Prime Blueprint,common,True
Axi G6,Forma Blueprint,common,True
Axi G7,Garuda Prime Systems Blueprint,rare,True
Axi G7,Tenora Prime Stock,uncommon,True
Axi G7,Astilla Prime Blueprint,uncommon,True
Axi G7,Gara Prime Systems Blueprint,common,True
Axi G7,Burston Prime Blueprint,common,True
Axi G7,Inaros Prime Systems Blueprint,common,True
Axi G8,Garuda Prime Systems Blueprint,rare,True
Axi G8,2X Forma Blueprint,uncommon,True
Axi G8,Gara Prime Chassis Blueprint,uncommon,True
Axi G8,Dual Keres Prime Blade,common,True
Axi G8,Braton Prime Blueprint,common,True
Axi G8,Corvas Prime Stock,common,True
Axi G9,Gara Prime Blueprint,rare,True
Axi G9,Garuda Prime Chassis Blueprint,uncommon,True
Axi G9,Cobra & Crane Prime Blade,uncommon,True
Axi G9,Burston Prime Blueprint,common,True
Axi G9,Dual Keres Prime Blade,common,True
Axi G9,Forma Blueprint,common,True
Axi H1,Helios Prime Cerebrum,rare,True
Axi H1,Akstiletto Prime Receiver,uncommon,True
Axi H1,Trinity Prime Chassis Blueprint,uncommon,True
Axi H1,Forma Blueprint,common,True
Axi H1,Fragor Prime Head,common,True
Axi H1,Vectis Prime Barrel,common,True
Axi H2,Helios Prime Cerebrum,rare,True
Axi H2,Trinity Prime Chassis Blueprint,uncommon,True
Axi H2,Akstiletto Prime Barrel,uncommon,True
Axi H2,Oberon Prime Chassis Blueprint,common,True
Axi H2,Lex Prime Receiver,common,True
Axi H2,Fang Prime Handle,common,True
Axi H3,Hydroid Prime Systems Blueprint,rare,True
Axi H3,Burston Prime Barrel,uncommon,True
Axi H3,2X Forma Blueprint,uncommon,True
Axi H3,Kronen Prime Blueprint,common,True
Axi H3,Cernos Prime Grip,common,True
Axi H3,Helios Prime Carapace,common,True
Axi H4,Hydroid Prime Systems Blueprint,rare,True
Axi H4,Akbolto Prime Link,uncommon,True
Axi H4,2X Forma Blueprint,uncommon,True
Axi H4,Mesa Prime Chassis Blueprint,common,True
Axi H4,Mirage Prime Chassis Blueprint,common,True
Axi H4,Paris Prime Upper Limb,common,True
Axi H5,Helios Prime Cerebrum,rare,True
Axi H5,Mirage Prime Systems Blueprint,uncommon,True
Axi H5,2X Forma Blueprint,uncommon,True
Axi H5,Banshee Prime Neuroptics Blueprint,common,True
Axi H5,Euphona Prime Blueprint,common,True
Axi H5,Akbolto Prime Blueprint,common,True
Axi H6,Hildryn Prime Blueprint,rare,True
Axi H6,Braton Prime Receiver,uncommon,True
Axi H6,2X Forma Blueprint,uncommon,True
Axi H6,Cobra & Crane Prime Hilt,common,True
Axi H6,Paris Prime Upper Limb,common,True
Axi H6,Garuda Prime Blueprint,common,True
Axi H7,Harrow Prime Systems Blueprint,rare,True
Axi H7,Fulmin Prime Stock,uncommon,True
Axi H7,2X Forma Blueprint,uncommon,True
Axi H7,Braton Prime Receiver,common,True
Axi H7,Paris Prime Lower Limb,common,True
Axi H7,Cobra & Crane Prime Hilt,common,True
Axi H8,Hildryn Prime Blueprint,rare,True
Axi H8,Shade Prime Blueprint,uncommon,True
Axi H8,Fulmin Prime Blueprint,uncommon,True
Axi H8,Zylok Prime Barrel,common,True
Axi H8,Forma Blueprint,common,True
Axi H8,Akarius Prime Barrel,common,True
Axi I1,Inaros Prime Neuroptics Blueprint,rare,True
Axi I1,Volnus Prime Head,uncommon,True
Axi I1,2X Forma Blueprint,uncommon,True
Axi I1,Pangolin Prime Handle,common,True
Axi I1,Panthera Prime Blueprint,common,True
Axi I1,Dethcube Prime Systems,common,True
Axi I2,Inaros Prime Neuroptics Blueprint,rare,True
Axi I2,Gara Prime Chassis Blueprint,uncommon,True
Axi I2,Baza Prime Barrel,uncommon,True
Axi I2,Strun Prime Receiver,common,True
Axi I2,Tenora Prime Blueprint,common,True
Axi I2,Forma Blueprint,common,True
Axi I3,Inaros Prime Neuroptics Blueprint,rare,True
Axi I3,Ash Prime Blueprint,uncommon,True
Axi I3,Fang Prime Handle,uncommon,True
Axi I3,Panthera Prime Blueprint,common,True
Axi I3,Karyst Prime Blueprint,common,True
Axi I3,Forma Blueprint,common,True
Axi K1,Kavasa Prime Buckle,rare,True
Axi K1,2X Forma Blueprint,uncommon,True
Axi K1,Odonata Prime Harness Blueprint,common,True
Axi K1,Hikou Prime Pouch,common,True
Axi K1,Akstiletto Prime Receiver,uncommon,True
Axi K1,Lex Prime Barrel,common,True
Axi K10,Knell Prime Barrel,rare,True
Axi K10,Braton Prime Receiver,uncommon,True
Axi K10,Strun Prime Stock,uncommon,True
Axi K10,Tenora Prime Blueprint,common,True
Axi K10,Forma Blueprint,common,True
Axi K10,Magnus Prime Blueprint,common,True
Axi K11,Knell Prime Barrel,rare,True
Axi K11,Cobra & Crane Prime Blueprint,uncommon,True
Axi K11,Scourge Prime Handle,uncommon,True
Axi K11,Fang Prime Blueprint,common,True
Axi K11,Forma Blueprint,common,True
Axi K11,Burston Prime Blueprint,common,True
Axi K12,Karyst Prime Blade,rare,True
Axi K12,Inaros Prime Blueprint,uncommon,True
Axi K12,Vectis Prime Stock,uncommon,True
Axi K12,Ash Prime Chassis Blueprint,common,True
Axi K12,Carrier Prime Systems,common,True
Axi K12,Forma Blueprint,common,True
Axi K2,Kronen Prime Blade,rare,True
Axi K2,Cernos Prime String,uncommon,True
Axi K2,Galatine Prime Handle,uncommon,True
Axi K2,Orthos Prime Handle,common,True
Axi K2,Sybaris Prime Blueprint,common,True
Axi K2,Forma Blueprint,common,True
Axi K3,Kronen Prime Blade,rare,True
Axi K3,Pyrana Prime Receiver,uncommon,True
Axi K3,Banshee Prime Blueprint,uncommon,True
Axi K3,Paris Prime Blueprint,common,True
Axi K3,Tiberon Prime Receiver,common,True
Axi K3,Cernos Prime Grip,common,True
Axi K4,Kronen Prime Blade,rare,True
Axi K4,Kogake Prime Blueprint,uncommon,True
Axi K4,Destreza Prime Blueprint,uncommon,True
Axi K4,Paris Prime Blueprint,common,True
Axi K4,Forma Blueprint,common,True
Axi K4,Sybaris Prime Stock,common,True
Axi K5,Kronen Prime Blade,rare,True
Axi K5,Hydroid Prime Blueprint,uncommon,True
Axi K5,Equinox Prime Blueprint,uncommon,True
Axi K5,Ballistica Prime Lower Limb,common,True
Axi K5,Braton Prime Blueprint,common,True
Axi K5,Forma Blueprint,common,True
Axi K6,Karyst Prime Blade,rare,True
Axi K6,Harrow Prime Blueprint,uncommon,True
Axi K6,Inaros Prime Chassis Blueprint,uncommon,True
Axi K6,Braton Prime Blueprint,common,True
Axi K6,Octavia Prime Neuroptics Blueprint,common,True
Axi K6,Forma Blueprint,common,True
Axi K7,Knell Prime Barrel,rare,True
Axi K7,Corvas Prime Blueprint,uncommon,True
Axi K7,Gara Prime Chassis Blueprint,uncommon,True
Axi K7,Forma Blueprint,common,True
Axi K7,Paris Prime Blueprint,common,True
Axi K7,Karyst Prime Blueprint,common,True
Axi K8,Khora Prime Neuroptics Blueprint,rare,True
Axi K8,Akbronco Prime Link,uncommon,True
Axi K8,Octavia Prime Chassis Blueprint,uncommon,True
Axi K8,Burston Prime Blueprint,common,True
Axi K8,Corvas Prime Receiver,common,True
Axi K8,Forma Blueprint,common,True
Axi K9,Knell Prime Barrel,rare,True
Axi K9,Hystrix Prime Blueprint,uncommon,True
Axi K9,Volnus Prime Head,uncommon,True
Axi K9,Orthos Prime Handle,common,True
Axi K9,Nagantaka Prime Barrel,common,True
Axi K9,Paris Prime Blueprint,common,True
Axi L1,Loki Prime Systems Blueprint,rare,True
Axi L1,2X Forma Blueprint,uncommon,True
Axi L1,Glaive Prime Blade,uncommon,True
Axi L1,Reaper Prime Blueprint,common,True
Axi L1,Wyrm Prime Carapace,common,True
Axi L1,Latron Prime Blueprint,common,True
Axi L2,Limbo Prime Neuroptics Blueprint,rare,True
Axi L2,2X Forma Blueprint,uncommon,True
Axi L2,Tiberon Prime Blueprint,uncommon,True
Axi L2,Orthos Prime Handle,common,True
Axi L2,Braton Prime Blueprint,common,True
Axi L2,Nami Skyla Prime Blueprint,common,True
Axi L3,Limbo Prime Chassis Blueprint,rare,True
Axi L3,Akjagara Prime Receiver,uncommon,True
Axi L3,Zephyr Prime Chassis Blueprint,uncommon,True
Axi L3,Nami Skyla Prime Blueprint,common,True
Axi L3,Kronen Prime Blueprint,common,True
Axi L3,Fang Prime Handle,common,True
Axi L4,Loki Prime Systems Blueprint,rare,True
Axi L4,Volt Prime Systems Blueprint,uncommon,True
Axi L4,Odonata Prime Blueprint,uncommon,True
Axi L4,Forma Blueprint,common,True
Axi L4,Bo Prime Ornament,common,True
Axi L4,Wyrm Prime Carapace,common,True
Axi L5,Limbo Prime Chassis Blueprint,rare,True
Axi L5,Akbronco Prime Link,uncommon,True
Axi L5,Kronen Prime Handle,uncommon,True
Axi L5,Fang Prime Blueprint,common,True
Axi L5,Burston Prime Blueprint,common,True
Axi L5,Rubico Prime Stock,common,True
Axi L6,Larkspur Prime Barrel,rare,True
Axi L6,Hildryn Prime Chassis Blueprint,uncommon,True
Axi L6,Cobra & Crane Prime Blade,uncommon,True
Axi L6,Zylok Prime Barrel,common,True
Axi L6,Fang Prime Blade,common,True
Axi L6,Paris Prime Blueprint,common,True
Axi M1,Mirage Prime Blueprint,rare,True
Axi M1,Orthos Prime Blueprint,uncommon,True
Axi M1,Rubico Prime Barrel,uncommon,True
Axi M1,Zhuge Prime String,common,True
Axi M1,Lex Prime Barrel,common,True
Axi M1,Mesa Prime Chassis Blueprint,common,True
Axi M2,Magnus Prime Barrel,rare,True
Axi M2,Panthera Prime Stock,uncommon,True
Axi M2,Nezha Prime Blueprint,uncommon,True
Axi M2,Bronco Prime Receiver,common,True
Axi M2,Titania Prime Chassis Blueprint,common,True
Axi M2,Burston Prime Blueprint,common,True
Axi M3,Mesa Prime Neuroptics Blueprint,rare,True
Axi M3,Hydroid Prime Neuroptics Blueprint,uncommon,True
Axi M3,Ballistica Prime Upper Limb,uncommon,True
Axi M3,Akjagara Prime Blueprint,common,True
Axi M3,Fang Prime Blade,common,True
Axi M3,Forma Blueprint,common,True
Axi M4,Mesa Prime Neuroptics Blueprint,rare,True
Axi M4,Redeemer Prime Blueprint,uncommon,True
Axi M4,Limbo Prime Neuroptics Blueprint,uncommon,True
Axi M4,Destreza Prime Handle,common,True
Axi M4,Vasto Prime Barrel,common,True
Axi M4,Forma Blueprint,common,True
Axi M5,Magnus Prime Barrel,rare,True
Axi M5,Magnus Prime Receiver,uncommon,True
Axi M5,Akmagnus Prime Link,uncommon,True
Axi M5,Magnus Prime Blueprint,common,True
Axi M5,Akmagnus Prime Blueprint,common,True
Axi M5,Forma Blueprint,common,True
Axi M6,Masseter Prime Blade,rare,True
Axi M6,Cedo Prime Receiver,uncommon,True
Axi M6,Xaku Prime Systems Blueprint,uncommon,True
Axi M6,Burston Prime Blueprint,common,True
Axi M6,Acceltra Prime Blueprint,common,True
Axi M6,Grendel Prime Neuroptics Blueprint,common,True
Axi N1,Akstiletto Prime Link,uncommon,True
Axi N1,Braton Prime Blueprint,common,True
Axi N1,Forma Blueprint,common,True
Axi N1,Odonata Prime Wings Blueprint,uncommon,True
Axi N1,Fang Prime Blade,common,True
Axi N1,Ash Prime Systems Blueprint,rare,True
Axi N10,Nidus Prime Neuroptics Blueprint,rare,True
Axi N10,Bronco Prime Barrel,uncommon,True
Axi N10,Phantasma Prime Blueprint,uncommon,True
Axi N10,Harrow Prime Chassis Blueprint,common,True
Axi N10,Afuris Prime Barrel,common,True
Axi N10,Tatsu Prime Blueprint,common,True
Axi N11,Nagantaka Prime Blueprint,rare,True
Axi N11,Garuda Prime Chassis Blueprint,uncommon,True
Axi N11,Fang Prime Handle,uncommon,True
Axi N11,Khora Prime Systems Blueprint,common,True
Axi N11,Burston Prime Receiver,common,True
Axi N11,Forma Blueprint,common,True
Axi N12,Nidus Prime Chassis Blueprint,rare,True
Axi N12,Saryn Prime Blueprint,uncommon,True
Axi N12,Strun Prime Barrel,uncommon,True
Axi N12,Nikana Prime Blueprint,common,True
Axi N12,Paris Prime String,common,True
Axi N12,Forma Blueprint,common,True
Axi N13,Nautilus Prime Cerebrum,rare,True
Axi N13,Kompressa Prime Receiver,uncommon,True
Axi N13,2X Forma Blueprint,uncommon,True
Axi N13,Quassus Prime Handle,common,True
Axi N13,Protea Prime Blueprint,common,True
Axi N13,Okina Prime Blade,common,True
Axi N14,Nami Skyla Prime Blade,rare,
Axi N14,Nautilus Prime Carapace,uncommon,
Axi N14,Ballistica Prime Upper Limb,uncommon,
Axi N14,Hydroid Prime Chassis Blueprint,common,
Axi N14,Bronco Prime Blueprint,common,
Axi N14,Forma Blueprint,common,
Axi N2,Carrier Prime Carapace,common,True
Axi N2,Lex Prime Receiver,common,True
Axi N2,2X Forma Blueprint,uncommon,True
Axi N2,Nikana Prime Hilt,rare,True
Axi N2,Ash Prime Neuroptics Blueprint,uncommon,True
Axi N2,Bronco Prime Blueprint,common,True
Axi N3,Nekros Prime Blueprint,rare,True
Axi N3,Volt Prime Blueprint,uncommon,True
Axi N3,Bronco Prime Barrel,uncommon,True
Axi N3,Paris Prime Upper Limb,common,True
Axi N3,Dual Kamas Prime Blueprint,common,True
Axi N3,Forma Blueprint,common,True
Axi N4,Nikana Prime Hilt,rare,True
Axi N4,Hydroid Prime Neuroptics Blueprint,uncommon,True
Axi N4,Fragor Prime Handle,uncommon,True
Axi N4,Cernos Prime Upper Limb,common,True
Axi N4,Nekros Prime Chassis Blueprint,common,True
Axi N4,Galatine Prime Blade,common,True
Axi N5,Nami Skyla Prime Blade,rare,True
Axi N5,Nekros Prime Neuroptics Blueprint,uncommon,True
Axi N5,Helios Prime Systems,uncommon,True
Axi N5,Euphona Prime Blueprint,common,True
Axi N5,Oberon Prime Chassis Blueprint,common,True
Axi N5,Lex Prime Barrel,common,True
Axi N6,Nikana Prime Hilt,rare,True
Axi N6,Saryn Prime Blueprint,uncommon,True
Axi N6,Braton Prime Receiver,uncommon,True
Axi N6,Nikana Prime Blueprint,common,True
Axi N6,Braton Prime Barrel,common,True
Axi N6,Lex Prime Receiver,common,True
Axi N7,Nezha Prime Chassis Blueprint,rare,True
Axi N7,Dethcube Prime Carapace,uncommon,True
Axi N7,2X Forma Blueprint,uncommon,True
Axi N7,Baza Prime Receiver,common,True
Axi N7,Astilla Prime Receiver,common,True
Axi N7,Octavia Prime Systems Blueprint,common,True
Axi N8,Nezha Prime Neuroptics Blueprint,rare,True
Axi N8,Pandero Prime Barrel,uncommon,True
Axi N8,Strun Prime Barrel,uncommon,True
Axi N8,Forma Blueprint,common,True
Axi N8,Braton Prime Receiver,common,True
Axi N8,Bronco Prime Blueprint,common,True
Axi N9,Nidus Prime Neuroptics Blueprint,rare,True
Axi N9,Phantasma Prime Blueprint,uncommon,True
Axi N9,Astilla Prime Blueprint,uncommon,True
Axi N9,Pandero Prime Blueprint,common,True
Axi N9,Forma Blueprint,common,True
Axi N9,Bronco Prime Blueprint,common,True
Axi O1,Oberon Prime Systems Blueprint,rare,True
Axi O1,Akstiletto Prime Receiver,uncommon,True
Axi O1,Galatine Prime Handle,uncommon,True
Axi O1,Euphona Prime Blueprint,common,True
Axi O1,Paris Prime Blueprint,common,True
Axi O1,Forma Blueprint,common,True
Axi O2,Oberon Prime Systems Blueprint,rare,True
Axi O2,Tiberon Prime Blueprint,uncommon,True
Axi O2,Helios Prime Systems,uncommon,True
Axi O2,Galatine Prime Blade,common,True
Axi O2,Paris Prime String,common,True
Axi O2,Fang Prime Blade,common,True
Axi O3,Oberon Prime Systems Blueprint,rare,True
Axi O3,Venka Prime Blueprint,uncommon,True
Axi O3,Zephyr Prime Chassis Blueprint,uncommon,True
Axi O3,Destreza Prime Handle,common,True
Axi O3,Burston Prime Stock,common,True
Axi O3,Forma Blueprint,common,True
Axi O4,Oberon Prime Systems Blueprint,rare,True
Axi O4,Gram Prime Blueprint,uncommon,True
Axi O4,Tiberon Prime Blueprint,uncommon,True
Axi O4,Destreza Prime Handle,common,True
Axi O4,Zephyr Prime Neuroptics Blueprint,common,True
Axi O4,Lex Prime Blueprint,common,True
Axi O5,Octavia Prime Blueprint,rare,True
Axi O5,Inaros Prime Chassis Blueprint,uncommon,True
Axi O5,Fang Prime Handle,uncommon,True
Axi O5,Lex Prime Receiver,common,True
Axi O5,Nezha Prime Systems Blueprint,common,True
Axi O5,Panthera Prime Blueprint,common,True
Axi O6,Okina Prime Blueprint,rare,True
Axi O6,Zylok Prime Receiver,uncommon,True
Axi O6,Acceltra Prime Receiver,uncommon,True
Axi O6,Forma Blueprint,common,True
Axi O6,Epitaph Prime Blueprint,common,True
Axi O6,Braton Prime Blueprint,common,True
Axi P1,Pyrana Prime Blueprint,rare,True
Axi P1,Ninkondi Prime Chain,uncommon,True
Axi P1,Kogake Prime Blueprint,uncommon,True
Axi P1,Forma Blueprint,common,True
Axi P1,Equinox Prime Chassis Blueprint,common,True
Axi P1,Akjagara Prime Blueprint,common,True
Axi P10,Perigale Prime Barrel,rare,False
Axi P10,Athodai Prime Receiver,uncommon,False
Axi P10,Lavos Prime Neuroptics Blueprint,uncommon,False
Axi P10,Fang Prime Blade,common,False
Axi P10,Forma Blueprint,common,False
Axi P10,Caliban Prime Chassis Blueprint,common,False
Axi P2,Pyrana Prime Blueprint,rare,True
Axi P2,Destreza Prime Blueprint,uncommon,True
Axi P2,Rubico Prime Stock,uncommon,True
Axi P2,Dethcube Prime Systems,common,True
Axi P2,Bronco Prime Blueprint,common,True
Axi P2,Tiberon Prime Receiver,common,True
Axi P3,Pyrana Prime Blueprint,rare,True
Axi P3,Wukong Prime Systems Blueprint,uncommon,True
Axi P3,Burston Prime Barrel,uncommon,True
Axi P3,Forma Blueprint,common,True
Axi P3,Bronco Prime Blueprint,common,True
Axi P3,Zhuge Prime Grip,common,True
Axi P4,Pangolin Prime Blueprint,rare,True
Axi P4,Strun Prime Barrel,uncommon,True
Axi P4,Corinth Prime Receiver,uncommon,True
Axi P4,Pandero Prime Blueprint,common,True
Axi P4,Knell Prime Blueprint,common,True
Axi P4,Fang Prime Handle,common,True
Axi P5,Pandero Prime Receiver,rare,True
Axi P5,Tenora Prime Stock,uncommon,True
Axi P5,Vasto Prime Blueprint,uncommon,True
Axi P5,Octavia Prime Neuroptics Blueprint,common,True
Axi P5,Vasto Prime Barrel,common,True
Axi P5,Forma Blueprint,common,True
Axi P6,Phantasma Prime Stock,rare,True
Axi P6,2X Forma Blueprint,uncommon,True
Axi P6,Masseter Prime Blueprint,uncommon,True
Axi P6,Hystrix Prime Barrel,common,True
Axi P6,Orthos Prime Handle,common,True
Axi P6,Hildryn Prime Systems Blueprint,common,True
Axi P7,Protea Prime Chassis Blueprint,rare,True
Axi P7,Braton Prime Stock,uncommon,True
Axi P7,2X Forma Blueprint,uncommon,True
Axi P7,Baruuk Prime Systems Blueprint,common,True
Axi P7,Fang Prime Blade,common,True
Axi P7,Tatsu Prime Blueprint,common,True
Axi P8,Protea Prime Chassis Blueprint,rare,True
Axi P8,Epitaph Prime Barrel,uncommon,True
Axi P8,2X Forma Blueprint,uncommon,True
Axi P8,Dual Zoren Prime Handle,common,True
Axi P8,Velox Prime Receiver,common,True
Axi P8,Fang Prime Blueprint,common,True
Axi P9,Protea Prime Systems Blueprint,rare,True
Axi P9,2X Forma Blueprint,uncommon,True
Axi P9,Gauss Prime Neuroptics Blueprint,uncommon,True
Axi P9,Orthos Prime Handle,common,True
Axi P9,Gunsen Prime Blueprint,common,True
Axi P9,Trumna Prime Blueprint,common,True
Axi R1,Rhino Prime Blueprint,rare,True
Axi R1,Dakra Prime Blueprint,uncommon,True
Axi R1,Ankyros Prime Blade,uncommon,True
Axi R1,Boltor Prime Stock,common,True
Axi R1,Mag Prime Systems Blueprint,common,True
Axi R1,Boar Prime Receiver,common,True
Axi R2,Redeemer Prime Handle,rare,True
Axi R2,Mirage Prime Systems Blueprint,uncommon,True
Axi R2,Chroma Prime Chassis Blueprint,uncommon,True
Axi R2,Lex Prime Receiver,common,True
Axi R2,Forma Blueprint,common,True
Axi R2,Destreza Prime Handle,common,True
Axi R3,Redeemer Prime Handle,rare,True
Axi R3,Wukong Prime Systems Blueprint,uncommon,True
Axi R3,Akjagara Prime Link,uncommon,True
Axi R3,Stradavar Prime Stock,common,True
Axi R3,Fang Prime Blade,common,True
Axi R3,Zephyr Prime Neuroptics Blueprint,common,True
Axi R4,Rhino Prime Blueprint,rare,True
Axi R4,Ember Prime Systems Blueprint,uncommon,True
Axi R4,Glaive Prime Disc,uncommon,True
Axi R4,Boltor Prime Stock,common,True
Axi R4,Burston Prime Blueprint,common,True
Axi R4,Forma Blueprint,common,True
Axi S1,Forma Blueprint,common,True
Axi S1,Bronco Prime Receiver,common,True
Axi S1,Akbronco Prime Link,uncommon,True
Axi S1,Bronco Prime Blueprint,common,True
Axi S1,Scindo Prime Blade,rare,True
Axi S1,Trinity Prime Blueprint,uncommon,True
Axi S10,Scourge Prime Barrel,rare,True
Axi S10,Bronco Prime Barrel,uncommon,True
Axi S10,Panthera Prime Stock,uncommon,True
Axi S10,Nagantaka Prime Barrel,common,True
Axi S10,Guandao Prime Blade,common,True
Axi S10,Forma Blueprint,common,True
Axi S11,Scourge Prime Blueprint,rare,True
Axi S11,Octavia Prime Chassis Blueprint,uncommon,True
Axi S11,Paris Prime Upper Limb,uncommon,True
Axi S11,Akbronco Prime Blueprint,common,True
Axi S11,Panthera Prime Blueprint,common,True
Axi S11,Fang Prime Handle,common,True
Axi S12,Scourge Prime Blueprint,rare,True
Axi S12,Tenora Prime Stock,uncommon,True
Axi S12,Harrow Prime Neuroptics Blueprint,uncommon,True
Axi S12,Nezha Prime Systems Blueprint,common,True
Axi S12,Lex Prime Receiver,common,True
Axi S12,Paris Prime Lower Limb,common,True
Axi S13,Sybaris Prime Barrel,rare,True
Axi S13,Baza Prime Blueprint,uncommon,True
Axi S13,Ivara Prime Blueprint,uncommon,True
Axi S13,Aksomati Prime Receiver,common,True
Axi S13,Forma Blueprint,common,True
Axi S13,Braton Prime Blueprint,common,True
Axi S14,Scourge Prime Barrel,rare,True
Axi S14,Gara Prime Neuroptics Blueprint,uncommon,True
Axi S14,2X Forma Blueprint,uncommon,True
Axi S14,Lex Prime Blueprint,common,True
Axi S14,Magnus Prime Blueprint,common,True
Axi S14,Nagantaka Prime Barrel,common,True
Axi S15,Scourge Prime Blueprint,rare,True
Axi S15,Knell Prime Receiver,uncommon,True
Axi S15,Vasto Prime Blueprint,uncommon,True
Axi S15,Harrow Prime Chassis Blueprint,common,True
Axi S15,Lex Prime Receiver,common,True
Axi S15,Forma Blueprint,common,True
Axi S16,Shade Prime Carapace,rare,True
Axi S16,Nautilus Prime Systems,uncommon,True
Axi S16,Protea Prime Neuroptics Blueprint,uncommon,True
Axi S16,Larkspur Prime Blueprint,common,True
Axi S16,Akbronco Prime Blueprint,common,True
Axi S16,Lex Prime Receiver,common,True
Axi S17,Sevagoth Prime Chassis Blueprint,rare,True
Axi S17,Braton Prime Receiver,uncommon,True
Axi S17,2X Forma Blueprint,uncommon,True
Axi S17,Paris Prime Blueprint,common,True
Axi S17,Hildryn Prime Systems Blueprint,common,True
Axi S17,Grendel Prime Neuroptics Blueprint,common,True
Axi S18,Sevagoth Prime Chassis Blueprint,rare,True
Axi S18,Vadarya Prime Receiver,uncommon,True
Axi S18,Velox Prime Blueprint,uncommon,True
Axi S18,Forma Blueprint,common,True
Axi S18,Paris Prime String,common,True
Axi S18,Cedo Prime Stock,common,True
Axi S19,Shade Prime Carapace,rare,True
Axi S19,Gunsen Prime Handle,uncommon,True
Axi S19,Fulmin Prime Stock,uncommon,True
Axi S19,Hildryn Prime Systems Blueprint,common,True
Axi S19,Burston Prime Blueprint,common,True
Axi S19,Forma Blueprint,common,True
Axi S2,Sicarus Prime Receiver,rare,True
Axi S2,2X Forma Blueprint,uncommon,True
Axi S2,Ember Prime Systems Blueprint,uncommon,True
Axi S2,Wyrm Prime Blueprint,common,True
Axi S2,Loki Prime Blueprint,common,True
Axi S2,Latron Prime Receiver,common,True
Axi S20,Sarofang Prime Blade,rare,False
Axi S20,Orthos Prime Blueprint,uncommon,False
Axi S20,Xaku Prime Systems Blueprint,uncommon,False
Axi S20,Paris Prime String,common,False
Axi S20,Forma Blueprint,common,False
Axi S20,Dual Zoren Prime Handle,common,False
Axi S21,Steflos Prime Barrel,rare,
Axi S21,2X Forma Blueprint,uncommon,
Axi S21,Gyre Prime Blueprint,uncommon,
Axi S21,Caliban Prime Chassis Blueprint,common,
Axi S21,Dual Zoren Prime Handle,common,
Axi S21,Cedo Prime Stock,common,
Axi S3,Scindo Prime Blade,rare,True
Axi S3,Nyx Prime Systems Blueprint,uncommon,True
Axi S3,Ankyros Prime Blade,uncommon,True
Axi S3,Rhino Prime Systems Blueprint,common,True
Axi S3,Boltor Prime Stock,common,True
Axi S3,Hikou Prime Stars,common,True
Axi S4,Soma Prime Stock,rare,True
Axi S4,Nova Prime Blueprint,uncommon,True
Axi S4,Dakra Prime Blade,uncommon,True
Axi S4,Mag Prime Systems Blueprint,common,True
Axi S4,Boar Prime Receiver,common,True
Axi S4,Forma Blueprint,common,True
Axi S5,Spira Prime Pouch,rare,True
Axi S5,Nikana Prime Blade,uncommon,True
Axi S5,2X Forma Blueprint,uncommon,True
Axi S5,Saryn Prime Systems Blueprint,common,True
Axi S5,Venka Prime Blades,common,True
Axi S5,Cernos Prime Grip,common,True
Axi S6,Sybaris Prime Barrel,rare,True
Axi S6,Tigris Prime Barrel,uncommon,True
Axi S6,Silva & Aegis Prime Blade,uncommon,True
Axi S6,Nekros Prime Chassis Blueprint,common,True
Axi S6,Burston Prime Blueprint,common,True
Axi S6,Forma Blueprint,common,True
Axi S7,Soma Prime Stock,rare,True
Axi S7,Trinity Prime Chassis Blueprint,uncommon,True
Axi S7,Kavasa Prime Kubrow Collar Blueprint,uncommon,True
Axi S7,Forma Blueprint,common,True
Axi S7,Nova Prime Systems Blueprint,common,True
Axi S7,Vasto Prime Barrel,common,True
Axi S8,Scindo Prime Blade,rare,False
Axi S8,Venka Prime Blueprint,uncommon,False
Axi S8,Nyx Prime Chassis Blueprint,uncommon,False
Axi S8,Cernos Prime Grip,common,False
Axi S8,Hikou Prime Blueprint,common,False
Axi S8,Forma Blueprint,common,False
Axi S9,Scourge Prime Blueprint,rare,True
Axi S9,Nezha Prime Blueprint,uncommon,True
Axi S9,Gara Prime Chassis Blueprint,uncommon,True
Axi S9,Guandao Prime Blade,common,True
Axi S9,Titania Prime Chassis Blueprint,common,True
Axi S9,Forma Blueprint,common,True
Axi T1,Tigris Prime Blueprint,rare,True
Axi T1,Akstiletto Prime Receiver,uncommon,True
Axi T1,Burston Prime Barrel,uncommon,True
Axi T1,Vectis Prime Barrel,common,True
Axi T1,Odonata Prime Harness Blueprint,common,True
Axi T1,Saryn Prime Systems Blueprint,common,True
Axi T10,Tatsu Prime Handle,rare,True
Axi T10,2X Forma Blueprint,uncommon,True
Axi T10,Orthos Prime Blade,uncommon,True
Axi T10,Magnus Prime Blueprint,common,True
Axi T10,Corvas Prime Receiver,common,True
Axi T10,Bronco Prime Receiver,common,True
Axi T11,Tigris Prime Blueprint,rare,True
Axi T11,Harrow Prime Neuroptics Blueprint,uncommon,True
Axi T11,Scourge Prime Handle,uncommon,True
Axi T11,Galatine Prime Blade,common,True
Axi T11,Burston Prime Blueprint,common,True
Axi T11,Forma Blueprint,common,True
Axi T12,Trumna Prime Receiver,rare,True
Axi T12,Gunsen Prime Handle,uncommon,True
Axi T12,Protea Prime Neuroptics Blueprint,uncommon,True
Axi T12,Lex Prime Blueprint,common,True
Axi T12,Forma Blueprint,common,True
Axi T12,Hildryn Prime Systems Blueprint,common,True
Axi T13,Trumna Prime Barrel,rare,False
Axi T13,2X Forma Blueprint,uncommon,False
Axi T13,Gyre Prime Chassis Blueprint,uncommon,False
Axi T13,Burston Prime Stock,common,False
Axi T13,Xaku Prime Neuroptics Blueprint,common,False
Axi T13,Quassus Prime Handle,common,False
Axi T2,Tipedo Prime Handle,rare,True
Axi T2,2X Forma Blueprint,uncommon,True
Axi T2,Burston Prime Barrel,uncommon,True
Axi T2,Kogake Prime Boot,common,True
Axi T2,Stradavar Prime Stock,common,True
Axi T2,Mirage Prime Neuroptics Blueprint,common,True
Axi T3,Tipedo Prime Handle,rare,True
Axi T3,Equinox Prime Blueprint,uncommon,True
Axi T3,2X Forma Blueprint,uncommon,True
Axi T3,Limbo Prime Systems Blueprint,common,True
Axi T3,Paris Prime Lower Limb,common,True
Axi T3,Burston Prime Blueprint,common,True
Axi T4,Tipedo Prime Handle,rare,True
Axi T4,Zhuge Prime Blueprint,uncommon,True
Axi T4,Equinox Prime Blueprint,uncommon,True
Axi T4,Corinth Prime Blueprint,common,True
Axi T4,Wukong Prime Neuroptics Blueprint,common,True
Axi T4,Braton Prime Blueprint,common,True
Axi T5,Titania Prime Systems Blueprint,rare,True
Axi T5,Gram Prime Blueprint,uncommon,True
Axi T5,2X Forma Blueprint,uncommon,True
Axi T5,Zhuge Prime String,common,True
Axi T5,Chroma Prime Blueprint,common,True
Axi T5,Rubico Prime Receiver,common,True
Axi T6,Tekko Prime Blade,rare,True
Axi T6,Tenora Prime Stock,uncommon,True
Axi T6,Wukong Prime Chassis Blueprint,uncommon,True
Axi T6,Forma Blueprint,common,True
Axi T6,Paris Prime String,common,True
Axi T6,Zakti Prime Receiver,common,True
Axi T7,Tekko Prime Blade,rare,True
Axi T7,Pangolin Prime Blade,uncommon,True
Axi T7,Corinth Prime Receiver,uncommon,True
Axi T7,Inaros Prime Systems Blueprint,common,True
Axi T7,Bronco Prime Receiver,common,True
Axi T7,Forma Blueprint,common,True
Axi T8,Tenora Prime Receiver,rare,True
Axi T8,Magnus Prime Receiver,uncommon,True
Axi T8,Harrow Prime Neuroptics Blueprint,uncommon,True
Axi T8,Paris Prime Lower Limb,common,True
Axi T8,Strun Prime Receiver,common,True
Axi T8,Forma Blueprint,common,True
Axi T9,Tipedo Prime Handle,rare,True
Axi T9,Equinox Prime Neuroptics Blueprint,uncommon,True
Axi T9,Zhuge Prime Blueprint,uncommon,True
Axi T9,Ninkondi Prime Blueprint,common,True
Axi T9,Fang Prime Blade,common,True
Axi T9,Lex Prime Receiver,common,True
Axi V1,Odonata Prime Systems Blueprint,common,True
Axi V1,Vauban Prime Chassis Blueprint,rare,True
Axi V1,Carrier Prime Systems,common,True
Axi V1,Dual Kamas Prime Blueprint,common,True
Axi V1,Volt Prime Neuroptics Blueprint,uncommon,True
Axi V1,2X Forma Blueprint,uncommon,True
Axi V10,Venka Prime Gauntlet,rare,False
Axi V10,2X Forma Blueprint,uncommon,False
Axi V10,Valkyr Prime Systems Blueprint,uncommon,False
Axi V10,Hikou Prime Stars,common,False
Axi V10,Cernos Prime String,common,False
Axi V10,Lex Prime Receiver,common,False
Axi V11,Volnus Prime Handle,rare,True
Axi V11,Titania Prime Blueprint,uncommon,True
Axi V11,Astilla Prime Stock,uncommon,True
Axi V11,Pangolin Prime Handle,common,True
Axi V11,Burston Prime Receiver,common,True
Axi V11,Forma Blueprint,common,True
Axi V12,Velox Prime Barrel,rare,True
Axi V12,Xaku Prime Chassis Blueprint,uncommon,True
Axi V12,Gauss Prime Neuroptics Blueprint,uncommon,True
Axi V12,Daikyu Prime String,common,True
Axi V12,Forma Blueprint,common,True
Axi V12,Zylok Prime Barrel,common,True
Axi V13,Venato Prime Blade,rare,True
Axi V13,Burston Prime Barrel,uncommon,True
Axi V13,Gauss Prime Neuroptics Blueprint,uncommon,True
Axi V13,Nautilus Prime Carapace,common,True
Axi V13,Forma Blueprint,common,True
Axi V13,Protea Prime Blueprint,common,True
Axi V14,Voruna Prime Blueprint,rare,False
Axi V14,Kompressa Prime Receiver,uncommon,False
Axi V14,2X Forma Blueprint,uncommon,False
Axi V14,Alternox Prime Receiver,common,False
Axi V14,Lex Prime Barrel,common,False
Axi V14,Fang Prime Blueprint,common,False
Axi V2,Vectis Prime Stock,rare,True
Axi V2,Hikou Prime Pouch,common,True
Axi V2,Braton Prime Receiver,uncommon,True
Axi V2,Trinity Prime Systems Blueprint,common,True
Axi V2,Mag Prime Neuroptics Blueprint,common,True
Axi V2,Boar Prime Barrel,uncommon,True
Axi V3,Vectis Prime Stock,rare,True
Axi V3,Orthos Prime Blueprint,uncommon,True
Axi V3,Braton Prime Receiver,uncommon,True
Axi V3,Trinity Prime Neuroptics Blueprint,common,True
Axi V3,Vasto Prime Barrel,common,True
Axi V3,Trinity Prime Systems Blueprint,common,True
Axi V4,Vectis Prime Stock,rare,True
Axi V4,Cernos Prime Blueprint,uncommon,True
Axi V4,2X Forma Blueprint,uncommon,True
Axi V4,Paris Prime Blueprint,common,True
Axi V4,Trinity Prime Systems Blueprint,common,True
Axi V4,Odonata Prime Harness Blueprint,common,True
Axi V5,Valkyr Prime Chassis Blueprint,rare,True
Axi V5,Braton Prime Receiver,uncommon,True
Axi V5,Tigris Prime Receiver,uncommon,True
Axi V5,Venka Prime Blades,common,True
Axi V5,Dual Kamas Prime Blueprint,common,True
Axi V5,Forma Blueprint,common,True
Axi V6,Valkyr Prime Chassis Blueprint,rare,True
Axi V6,Fang Prime Handle,uncommon,True
Axi V6,Galatine Prime Handle,uncommon,True
Axi V6,Braton Prime Blueprint,common,True
Axi V6,Ballistica Prime Lower Limb,common,True
Axi V6,Forma Blueprint,common,True
Axi V7,Venka Prime Gauntlet,rare,True
Axi V7,Kogake Prime Blueprint,uncommon,True
Axi V7,Silva & Aegis Prime Blueprint,uncommon,True
Axi V7,Nami Skyla Prime Blueprint,common,True
Axi V7,Lex Prime Barrel,common,True
Axi V7,Valkyr Prime Blueprint,common,True
Axi V8,Volt Prime Neuroptics Blueprint,rare,True
Axi V8,Volt Prime Chassis Blueprint,uncommon,True
Axi V8,Odonata Prime Blueprint,uncommon,True
Axi V8,Odonata Prime Systems Blueprint,common,True
Axi V8,Forma Blueprint,common,True
Axi V8,Lex Prime Receiver,common,True
Axi V9,Venka Prime Gauntlet,rare,True
Axi V9,Valkyr Prime Systems Blueprint,uncommon,True
Axi V9,Spira Prime Blade,uncommon,True
Axi V9,Valkyr Prime Blueprint,common,True
Axi V9,Saryn Prime Neuroptics Blueprint,common,True
Axi V9,Forma Blueprint,common,True
Axi W1,Wukong Prime Blueprint,rare,True
Axi W1,Inaros Prime Blueprint,uncommon,True
Axi W1,2X Forma Blueprint,uncommon,True
Axi W1,Aksomati Prime Receiver,common,True
Axi W1,Stradavar Prime Receiver,common,True
Axi W1,Bronco Prime Receiver,common,True
Axi W2,Wukong Prime Blueprint,rare,True
Axi W2,Bronco Prime Barrel,uncommon,True
Axi W2,Inaros Prime Blueprint,uncommon,True
Axi W2,Baza Prime Receiver,common,True
Axi W2,Forma Blueprint,common,True
Axi W2,Tekko Prime Gauntlet,common,True
Axi W3,Wisp Prime Blueprint,rare,True
Axi W3,Shade Prime Blueprint,uncommon,True
Axi W3,Bronco Prime Barrel,uncommon,True
Axi W3,Forma Blueprint,common,True
Axi W3,Baruuk Prime Systems Blueprint,common,True
Axi W3,Knell Prime Blueprint,common,True
Axi W4,Wisp Prime Blueprint,rare,True
Axi W4,Shade Prime Blueprint,uncommon,True
Axi W4,Hildryn Prime Neuroptics Blueprint,uncommon,True
Axi W4,Fulmin Prime Barrel,common,True
Axi W4,Fang Prime Blade,common,True
Axi W4,Forma Blueprint,common,True
Axi Y1,Yareli Prime Systems Blueprint,rare,True
Axi Y1,Paris Prime Upper Limb,uncommon,True
Axi Y1,Lavos Prime Blueprint,uncommon,True
Axi Y1,Fang Prime Blueprint,common,True
Axi Y1,Forma Blueprint,common,True
Axi Y1,Sevagoth Prime Neuroptics Blueprint,common,True
Axi Y2,Yareli Prime Neuroptics Blueprint,rare,True
Axi Y2,Akarius Prime Link,uncommon,True
Axi Y2,Epitaph Prime Barrel,uncommon,True
Axi Y2,Orthos Prime Handle,common,True
Axi Y2,Kompressa Prime Blueprint,common,True
Axi Y2,Fang Prime Blueprint,common,True
Axi Y3,Yareli Prime Neuroptics Blueprint,rare,True
Axi Y3,Vadarya Prime Barrel,uncommon,True
Axi Y3,Sevagoth Prime Blueprint,uncommon,True
Axi Y3,Quassus Prime Handle,common,True
Axi Y3,Burston Prime Receiver,common,True
Axi Y3,Epitaph Prime Blueprint,common,True
Axi Z1,Zakti Prime Blueprint,rare,True
Axi Z1,Baza Prime Barrel,uncommon,True
Axi Z1,Zhuge Prime Blueprint,uncommon,True
Axi Z1,Wukong Prime Neuroptics Blueprint,common,True
Axi Z1,Forma Blueprint,common,True
Axi Z1,Panthera Prime Blueprint,common,True
Axi Z2,Zylok Prime Blueprint,rare,True
Axi Z2,Acceltra Prime Receiver,uncommon,True
Axi Z2,Sevagoth Prime Blueprint,uncommon,True
Axi Z2,Lex Prime Blueprint,common,True
Axi Z2,Gauss Prime Blueprint,common,True
Axi Z2,Fulmin Prime Barrel,common,True
Lith A1,Saryn Prime Neuroptics Blueprint,uncommon,True
Lith A1,Vectis Prime Blueprint,uncommon,True
Lith A1,Braton Prime Barrel,common,True
Lith A1,Akstiletto Prime Blueprint,rare,True
Lith A1,Forma Blueprint,common,True
Lith A1,Vasto Prime Receiver,common,True
Lith A10,Akarius Prime Receiver,rare,True
Lith A10,Paris Prime Grip,uncommon,True
Lith A10,Xaku Prime Systems Blueprint,uncommon,True
Lith A10,Forma Blueprint,common,True
Lith A10,Burston Prime Blueprint,common,True
Lith A10,Yareli Prime Chassis Blueprint,common,True
Lith A11,Acceltra Prime Barrel,rare,True
Lith A11,Akarius Prime Link,uncommon,True
Lith A11,Grendel Prime Chassis Blueprint,uncommon,True
Lith A11,Zylok Prime Barrel,common,True
Lith A11,Paris Prime Lower Limb,common,True
Lith A11,Forma Blueprint,common,True
Lith A12,Alternox Prime Blueprint,rare,False
Lith A12,Daikyu Prime Lower Limb,uncommon,False
Lith A12,Xaku Prime Systems Blueprint,uncommon,False
Lith A12,Forma Blueprint,common,False
Lith A12,Burston Prime Receiver,common,False
Lith A12,Akbronco Prime Blueprint,common,False
Lith A13,Alternox Prime Blueprint,rare,
Lith A13,Gyre Prime Chassis Blueprint,uncommon,
Lith A13,Dual Zoren Prime Blueprint,uncommon,
Lith A13,Steflos Prime Receiver,common,
Lith A13,Paris Prime Lower Limb,common,
Lith A13,Fang Prime Blade,common,
Lith A2,Akstiletto Prime Blueprint,rare,True
Lith A2,Akbronco Prime Link,uncommon,True
Lith A2,Cernos Prime Blueprint,uncommon,True
Lith A2,Lex Prime Barrel,common,True
Lith A2,Forma Blueprint,common,True
Lith A2,Valkyr Prime Blueprint,common,True
Lith A3,Akjagara Prime Barrel,rare,True
Lith A3,Akbolto Prime Barrel,uncommon,True
Lith A3,Tiberon Prime Blueprint,uncommon,True
Lith A3,Rubico Prime Receiver,common,True
Lith A3,Orthos Prime Handle,common,True
Lith A3,Lex Prime Blueprint,common,True
Lith A4,Astilla Prime Barrel,rare,True
Lith A4,Ivara Prime Systems Blueprint,uncommon,True
Lith A4,Baza Prime Barrel,uncommon,True
Lith A4,Corinth Prime Blueprint,common,True
Lith A4,Burston Prime Receiver,common,True
Lith A4,Forma Blueprint,common,True
Lith A5,Atlas Prime Neuroptics Blueprint,rare,True
Lith A5,Akstiletto Prime Barrel,uncommon,True
Lith A5,Fang Prime Handle,uncommon,True
Lith A5,Tekko Prime Gauntlet,common,True
Lith A5,Forma Blueprint,common,True
Lith A5,Vasto Prime Barrel,common,True
Lith A6,Akarius Prime Receiver,rare,True
Lith A6,2X Forma Blueprint,uncommon,True
Lith A6,Shade Prime Systems,uncommon,True
Lith A6,Masseter Prime Handle,common,True
Lith A6,Hildryn Prime Systems Blueprint,common,True
Lith A6,Bronco Prime Blueprint,common,True
Lith A7,Akarius Prime Receiver,rare,True
Lith A7,Fulmin Prime Blueprint,uncommon,True
Lith A7,Wisp Prime Neuroptics Blueprint,uncommon,True
Lith A7,Cedo Prime Stock,common,True
Lith A7,Sevagoth Prime Systems Blueprint,common,True
Lith A7,Nautilus Prime Carapace,common,True
Lith A8,Akarius Prime Receiver,rare,True
Lith A8,Daikyu Prime Lower Limb,uncommon,True
Lith A8,Masseter Prime Blueprint,uncommon,True
Lith A8,Bronco Prime Receiver,common,True
Lith A8,Braton Prime Barrel,common,True
Lith A8,Akbronco Prime Blueprint,common,True
Lith A9,Afuris Prime Receiver,rare,True
Lith A9,Phantasma Prime Blueprint,uncommon,True
Lith A9,Orthos Prime Blade,uncommon,True
Lith A9,Tatsu Prime Blueprint,common,True
Lith A9,Cobra & Crane Prime Hilt,common,True
Lith A9,Forma Blueprint,common,True
Lith B1,Boar Prime Stock,rare,True
Lith B1,Rhino Prime Neuroptics Blueprint,uncommon,True
Lith B1,Boltor Prime Receiver,uncommon,True
Lith B1,Mag Prime Neuroptics Blueprint,common,True
Lith B1,Ankyros Prime Blueprint,common,True
Lith B1,Forma Blueprint,common,True
Lith B10,Baruuk Prime Blueprint,rare,True
Lith B10,Strun Prime Barrel,uncommon,True
Lith B10,Harrow Prime Neuroptics Blueprint,uncommon,True
Lith B10,Astilla Prime Receiver,common,True
Lith B10,Phantasma Prime Receiver,common,True
Lith B10,Forma Blueprint,common,True
Lith B11,Baruuk Prime Blueprint,rare,True
Lith B11,Braton Prime Blueprint,uncommon,True
Lith B11,Harrow Prime Blueprint,uncommon,True
Lith B11,Akbronco Prime Blueprint,common,True
Lith B11,Knell Prime Blueprint,common,True
Lith B11,Lex Prime Blueprint,common,True
Lith B12,Baza Prime Stock,rare,
Lith B12,Ivara Prime Blueprint,uncommon,
Lith B12,Velox Prime Blueprint,uncommon,
Lith B12,Aksomati Prime Receiver,common,
Lith B12,Braton Prime Barrel,common,
Lith B12,Forma Blueprint,common,
Lith B2,Ballistica Prime Blueprint,rare,True
Lith B2,Orthos Prime Blade,uncommon,True
Lith B2,Braton Prime Receiver,uncommon,True
Lith B2,Paris Prime Lower Limb,common,True
Lith B2,Tigris Prime Stock,common,True
Lith B2,Forma Blueprint,common,True
Lith B3,Ballistica Prime Blueprint,rare,True
Lith B3,Orthos Prime Blade,uncommon,True
Lith B3,Cernos Prime String,uncommon,True
Lith B3,Limbo Prime Systems Blueprint,common,True
Lith B3,Forma Blueprint,common,True
Lith B3,Burston Prime Blueprint,common,True
Lith B4,Boltor Prime Blueprint,rare,True
Lith B4,Rhino Prime Neuroptics Blueprint,uncommon,True
Lith B4,Scindo Prime Blueprint,uncommon,True
Lith B4,Nyx Prime Blueprint,common,True
Lith B4,Forma Blueprint,common,True
Lith B4,Ankyros Prime Blueprint,common,True
Lith B5,Ballistica Prime Blueprint,rare,True
Lith B5,Orthos Prime Blade,uncommon,True
Lith B5,Rubico Prime Stock,uncommon,True
Lith B5,Banshee Prime Neuroptics Blueprint,common,True
Lith B5,Lex Prime Receiver,common,True
Lith B5,Oberon Prime Chassis Blueprint,common,True
Lith B6,Ballistica Prime Blueprint,rare,True
Lith B6,Orthos Prime Blueprint,uncommon,True
Lith B6,Redeemer Prime Blueprint,uncommon,True
Lith B6,Lex Prime Barrel,common,True
Lith B6,Fang Prime Blueprint,common,True
Lith B6,Limbo Prime Systems Blueprint,common,True
Lith B7,Baza Prime Blueprint,rare,True
Lith B7,Orthos Prime Blueprint,uncommon,True
Lith B7,Aksomati Prime Barrel,uncommon,True
Lith B7,Lex Prime Receiver,common,True
Lith B7,Forma Blueprint,common,True
Lith B7,Tipedo Prime Blueprint,common,True
Lith B8,Baza Prime Blueprint,rare,True
Lith B8,Ivara Prime Blueprint,uncommon,True
Lith B8,Atlas Prime Chassis Blueprint,uncommon,True
Lith B8,Burston Prime Stock,common,True
Lith B8,Dethcube Prime Systems,common,True
Lith B8,Aksomati Prime Blueprint,common,True
Lith B9,Baza Prime Stock,rare,True
Lith B9,Silva & Aegis Prime Blueprint,uncommon,True
Lith B9,Braton Prime Receiver,uncommon,True
Lith B9,Oberon Prime Chassis Blueprint,common,True
Lith B9,Forma Blueprint,common,True
Lith B9,Lex Prime Barrel,common,True
Lith C1,Carrier Prime Cerebrum,rare,True
Lith C1,Kavasa Prime Band,uncommon,True
Lith C1,2X Forma Blueprint,uncommon,True
Lith C1,Fang Prime Blade,common,True
Lith C1,Nova Prime Neuroptics Blueprint,common,True
Lith C1,Nova Prime Systems Blueprint,common,True
Lith C10,Cobra & Crane Prime Guard,rare,True
Lith C10,Khora Prime Chassis Blueprint,uncommon,True
Lith C10,Nagantaka Prime Receiver,uncommon,True
Lith C10,Masseter Prime Handle,common,True
Lith C10,Forma Blueprint,common,True
Lith C10,Garuda Prime Blueprint,common,True
Lith C11,Cobra & Crane Prime Guard,rare,True
Lith C11,Fulmin Prime Stock,uncommon,True
Lith C11,Phantasma Prime Blueprint,uncommon,True
Lith C11,Acceltra Prime Blueprint,common,True
Lith C11,Braton Prime Barrel,common,True
Lith C11,Gunsen Prime Blueprint,common,True
Lith C12,Cobra & Crane Prime Guard,rare,True
Lith C12,Fulmin Prime Stock,uncommon,True
Lith C12,Grendel Prime Chassis Blueprint,uncommon,True
Lith C12,Sevagoth Prime Systems Blueprint,common,True
Lith C12,Shade Prime Cerebrum,common,True
Lith C12,Okina Prime Blade,common,True
Lith C13,Caliban Prime Neuroptics Blueprint,rare,True
Lith C13,Akbronco Prime Link,uncommon,True
Lith C13,Dual Zoren Prime Blueprint,uncommon,True
Lith C13,Bronco Prime Receiver,common,True
Lith C13,Forma Blueprint,common,True
Lith C13,Gauss Prime Chassis Blueprint,common,True
Lith C14,Cedo Prime Blueprint,rare,True
Lith C14,Perigale Prime Receiver,uncommon,True
Lith C14,Lavos Prime Blueprint,uncommon,True
Lith C14,Kestrel Prime Blade,common,True
Lith C14,Sevagoth Prime Systems Blueprint,common,True
Lith C14,Forma Blueprint,common,True
Lith C15,Cedo Prime Blueprint,rare,
Lith C15,Yareli Prime Blueprint,uncommon,
Lith C15,2X Forma Blueprint,uncommon,
Lith C15,Corufell Prime Stock,common,
Lith C15,Burston Prime Receiver,common,
Lith C15,Daikyu Prime String,common,
Lith C2,Cernos Prime Lower Limb,rare,True
Lith C2,Nami Skyla Prime Handle,uncommon,True
Lith C2,Akbolto Prime Barrel,uncommon,True
Lith C2,Venka Prime Blades,common,True
Lith C2,Paris Prime Upper Limb,common,True
Lith C2,Bronco Prime Receiver,common,True
Lith C3,Chroma Prime Neuroptics Blueprint,rare,True
Lith C3,Braton Prime Blueprint,uncommon,True
Lith C3,Helios Prime Blueprint,uncommon,True
Lith C3,Lex Prime Blueprint,common,True
Lith C3,Silva & Aegis Prime Hilt,common,True
Lith C3,Sybaris Prime Blueprint,common,True
Lith C4,Chroma Prime Neuroptics Blueprint,rare,True
Lith C4,Orthos Prime Blade,uncommon,True
Lith C4,Braton Prime Stock,uncommon,True
Lith C4,Forma Blueprint,common,True
Lith C4,Burston Prime Receiver,common,True
Lith C4,Paris Prime Lower Limb,common,True
Lith C5,Cernos Prime Lower Limb,rare,True
Lith C5,Venka Prime Blueprint,uncommon,True
Lith C5,Valkyr Prime Neuroptics Blueprint,uncommon,True
Lith C5,Forma Blueprint,common,True
Lith C5,Saryn Prime Neuroptics Blueprint,common,True
Lith C5,Spira Prime Blueprint,common,True
Lith C6,Corinth Prime Stock,rare,True
Lith C6,Braton Prime Receiver,uncommon,True
Lith C6,Mesa Prime Blueprint,uncommon,True
Lith C6,Equinox Prime Chassis Blueprint,common,True
Lith C6,Forma Blueprint,common,True
Lith C6,Fang Prime Blade,common,True
Lith C7,Cernos Prime Lower Limb,rare,False
Lith C7,Nyx Prime Systems Blueprint,uncommon,False
Lith C7,Scindo Prime Blueprint,uncommon,False
Lith C7,Valkyr Prime Blueprint,common,False
Lith C7,Hikou Prime Pouch,common,False
Lith C7,Forma Blueprint,common,False
Lith C8,Chroma Prime Neuroptics Blueprint,rare,True
Lith C8,Rubico Prime Stock,uncommon,True
Lith C8,2X Forma Blueprint,uncommon,True
Lith C8,Zephyr Prime Neuroptics Blueprint,common,True
Lith C8,Tiberon Prime Blueprint,common,True
Lith C8,Burston Prime Receiver,common,True
Lith C9,Corinth Prime Stock,rare,True
Lith C9,Scourge Prime Handle,uncommon,True
Lith C9,Pandero Prime Barrel,uncommon,True
Lith C9,Octavia Prime Systems Blueprint,common,True
Lith C9,Braton Prime Barrel,common,True
Lith C9,Paris Prime Upper Limb,common,True
Lith D1,Dethcube Prime Blueprint,rare,True
Lith D1,Mesa Prime Blueprint,uncommon,True
Lith D1,Ninkondi Prime Chain,uncommon,True
Lith D1,Atlas Prime Blueprint,common,True
Lith D1,Lex Prime Receiver,common,True
Lith D1,Burston Prime Receiver,common,True
Lith D2,Dethcube Prime Cerebrum,rare,True
Lith D2,Fang Prime Handle,uncommon,True
Lith D2,Redeemer Prime Blueprint,uncommon,True
Lith D2,Equinox Prime Chassis Blueprint,common,True
Lith D2,Wukong Prime Neuroptics Blueprint,common,True
Lith D2,Forma Blueprint,common,True
Lith D3,Dethcube Prime Blueprint,rare,True
Lith D3,Ninkondi Prime Chain,uncommon,True
Lith D3,Corinth Prime Receiver,uncommon,True
Lith D3,Burston Prime Stock,common,True
Lith D3,Ivara Prime Neuroptics Blueprint,common,True
Lith D3,Stradavar Prime Receiver,common,True
Lith D4,Dethcube Prime Blueprint,rare,True
Lith D4,Ninkondi Prime Chain,uncommon,True
Lith D4,Zakti Prime Barrel,uncommon,True
Lith D4,Bronco Prime Blueprint,common,True
Lith D4,Orthos Prime Handle,common,True
Lith D4,Forma Blueprint,common,True
Lith D5,Destreza Prime Blade,rare,True
Lith D5,Pyrana Prime Receiver,uncommon,True
Lith D5,Mesa Prime Systems Blueprint,uncommon,True
Lith D5,Redeemer Prime Blade,common,True
Lith D5,Fang Prime Blade,common,True
Lith D5,Forma Blueprint,common,True
Lith D6,Dual Keres Prime Blueprint,rare,True
Lith D6,Nagantaka Prime Stock,uncommon,True
Lith D6,Lex Prime Blueprint,uncommon,True
Lith D6,Corvas Prime Receiver,common,True
Lith D6,Burston Prime Blueprint,common,True
Lith D6,Forma Blueprint,common,True
Lith D7,Daikyu Prime Grip,rare,True
Lith D7,Velox Prime Blueprint,uncommon,True
Lith D7,Protea Prime Neuroptics Blueprint,uncommon,True
Lith D7,Kestrel Prime Blade,common,True
Lith D7,Epitaph Prime Blueprint,common,True
Lith D7,Sevagoth Prime Systems Blueprint,common,True
Lith E1,Ember Prime Blueprint,rare,True
Lith E1,Rhino Prime Chassis Blueprint,uncommon,True
Lith E1,Burston Prime Barrel,uncommon,True
Lith E1,Boltor Prime Barrel,common,True
Lith E1,Ankyros Prime Blueprint,common,True
Lith E1,Forma Blueprint,common,True
Lith E2,Epitaph Prime Receiver,rare,True
Lith E2,2X Forma Blueprint,uncommon,True
Lith E2,Venato Prime Blueprint,uncommon,True
Lith E2,Sevagoth Prime Systems Blueprint,common,True
Lith E2,Dual Zoren Prime Handle,common,True
Lith E2,Daikyu Prime Blueprint,common,True
Lith F1,Scindo Prime Blueprint,uncommon,True
Lith F1,Fragor Prime Blueprint,rare,True
Lith F1,Forma Blueprint,common,True
Lith F1,Odonata Prime Blueprint,uncommon,True
Lith F1,Paris Prime Blueprint,common,True
Lith F1,Fang Prime Blade,common,True
Lith F2,Odonata Prime Systems Blueprint,common,True
Lith F2,Hikou Prime Stars,common,True
Lith F2,Paris Prime Upper Limb,common,True
Lith F2,Burston Prime Barrel,uncommon,True
Lith F2,Vauban Prime Blueprint,rare,True
Lith F2,Fang Prime Handle,uncommon,True
Lith F3,Fulmin Prime Receiver,rare,True
Lith F3,Larkspur Prime Stock,uncommon,True
Lith F3,Burston Prime Barrel,uncommon,True
Lith F3,Shade Prime Cerebrum,common,True
Lith F3,Fang Prime Handle,common,True
Lith F3,Forma Blueprint,common,True
Lith G1,Glaive Prime Blueprint,rare,True
Lith G1,Ember Prime Systems Blueprint,uncommon,True
Lith G1,2X Forma Blueprint,uncommon,True
Lith G1,Latron Prime Blueprint,common,True
Lith G1,Frost Prime Chassis Blueprint,common,True
Lith G1,Reaper Prime Handle,common,True
Lith G10,Gunsen Prime Blade,rare,True
Lith G10,Hildryn Prime Neuroptics Blueprint,uncommon,True
Lith G10,Cobra & Crane Prime Blueprint,uncommon,True
Lith G10,Forma Blueprint,common,True
Lith G10,Fulmin Prime Barrel,common,True
Lith G10,Burston Prime Receiver,common,True
Lith G11,Gara Prime Blueprint,rare,True
Lith G11,Corinth Prime Receiver,uncommon,True
Lith G11,Fang Prime Handle,uncommon,True
Lith G11,Titania Prime Chassis Blueprint,common,True
Lith G11,Vasto Prime Receiver,common,True
Lith G11,Forma Blueprint,common,True
Lith G12,Gauss Prime Systems Blueprint,rare,True
Lith G12,2X Forma Blueprint,uncommon,True
Lith G12,Larkspur Prime Receiver,uncommon,True
Lith G12,Zylok Prime Barrel,common,True
Lith G12,Cobra & Crane Prime Hilt,common,True
Lith G12,Burston Prime Blueprint,common,True
Lith G13,Gunsen Prime Blade,rare,True
Lith G13,Grendel Prime Chassis Blueprint,uncommon,True
Lith G13,Wisp Prime Neuroptics Blueprint,uncommon,True
Lith G13,Braton Prime Blueprint,common,True
Lith G13,Forma Blueprint,common,True
Lith G13,Masseter Prime Handle,common,True
Lith G14,Gyre Prime Neuroptics Blueprint,rare,False
Lith G14,Fang Prime Handle,uncommon,False
Lith G14,Vadarya Prime Receiver,uncommon,False
Lith G14,Forma Blueprint,common,False
Lith G14,Lavos Prime Chassis Blueprint,common,False
Lith G14,Paris Prime Lower Limb,common,False
Lith G2,Glaive Prime Blueprint,rare,True
Lith G2,Loki Prime Chassis Blueprint,uncommon,True
Lith G2,Frost Prime Systems Blueprint,uncommon,True
Lith G2,Bo Prime Blueprint,common,True
Lith G2,Wyrm Prime Cerebrum,common,True
Lith G2,Latron Prime Stock,common,True
Lith G3,Guandao Prime Handle,rare,True
Lith G3,2X Forma Blueprint,uncommon,True
Lith G3,Panthera Prime Stock,uncommon,True
Lith G3,Zhuge Prime String,common,True
Lith G3,Octavia Prime Neuroptics Blueprint,common,True
Lith G3,Paris Prime Upper Limb,common,True
Lith G4,Guandao Prime Handle,rare,True
Lith G4,Titania Prime Neuroptics Blueprint,uncommon,True
Lith G4,Inaros Prime Blueprint,uncommon,True
Lith G4,Octavia Prime Neuroptics Blueprint,common,True
Lith G4,Fang Prime Blueprint,common,True
Lith G4,Forma Blueprint,common,True
Lith G5,Garuda Prime Neuroptics Blueprint,rare,True
Lith G5,2X Forma Blueprint,uncommon,True
Lith G5,Strun Prime Stock,uncommon,True
Lith G5,Octavia Prime Neuroptics Blueprint,common,True
Lith G5,Volnus Prime Blueprint,common,True
Lith G5,Lex Prime Receiver,common,True
Lith G6,Garuda Prime Neuroptics Blueprint,rare,True
Lith G6,Knell Prime Receiver,uncommon,True
Lith G6,Tatsu Prime Blade,uncommon,True
Lith G6,Burston Prime Stock,common,True
Lith G6,Afuris Prime Blueprint,common,True
Lith G6,Forma Blueprint,common,True
Lith G7,Guandao Prime Handle,rare,True
Lith G7,Zakti Prime Barrel,uncommon,True
Lith G7,Fang Prime Handle,uncommon,True
Lith G7,Nezha Prime Systems Blueprint,common,True
Lith G7,Lex Prime Receiver,common,True
Lith G7,Forma Blueprint,common,True
Lith G8,Grendel Prime Blueprint,rare,True
Lith G8,Burston Prime Barrel,uncommon,True
Lith G8,Fulmin Prime Stock,uncommon,True
Lith G8,Forma Blueprint,common,True
Lith G8,Corvas Prime Receiver,common,True
Lith G8,Fang Prime Blueprint,common,True
Lith G9,Gauss Prime Systems Blueprint,rare,True
Lith G9,Khora Prime Chassis Blueprint,uncommon,True
Lith G9,Braton Prime Stock,uncommon,True
Lith G9,Forma Blueprint,common,True
Lith G9,Dual Keres Prime Blade,common,True
Lith G9,Fang Prime Blueprint,common,True
Lith H1,Helios Prime Cerebrum,rare,True
Lith H1,Akstiletto Prime Barrel,uncommon,True
Lith H1,Nami Skyla Prime Handle,uncommon,True
Lith H1,Saryn Prime Systems Blueprint,common,True
Lith H1,Paris Prime Blueprint,common,True
Lith H1,Bronco Prime Blueprint,common,True
Lith H10,Harrow Prime Systems Blueprint,rare,True
Lith H10,Galatine Prime Handle,uncommon,True
Lith H10,Nekros Prime Blueprint,uncommon,True
Lith H10,Burston Prime Receiver,common,True
Lith H10,Fang Prime Blade,common,True
Lith H10,Forma Blueprint,common,True
Lith H2,Helios Prime Cerebrum,rare,True
Lith H2,Oberon Prime Blueprint,uncommon,True
Lith H2,Orthos Prime Blueprint,uncommon,True
Lith H2,Lex Prime Barrel,common,True
Lith H2,Forma Blueprint,common,True
Lith H2,Zephyr Prime Neuroptics Blueprint,common,True
Lith H3,Harrow Prime Systems Blueprint,rare,True
Lith H3,2X Forma Blueprint,uncommon,True
Lith H3,Titania Prime Blueprint,uncommon,True
Lith H3,Astilla Prime Receiver,common,True
Lith H3,Paris Prime String,common,True
Lith H3,Nezha Prime Systems Blueprint,common,True
Lith H4,Harrow Prime Systems Blueprint,rare,True
Lith H4,Inaros Prime Chassis Blueprint,uncommon,True
Lith H4,Nezha Prime Blueprint,uncommon,True
Lith H4,Braton Prime Barrel,common,True
Lith H4,Forma Blueprint,common,True
Lith H4,Paris Prime String,common,True
Lith H5,Harrow Prime Systems Blueprint,rare,True
Lith H5,Strun Prime Barrel,uncommon,True
Lith H5,Pandero Prime Barrel,uncommon,True
Lith H5,Fang Prime Blueprint,common,True
Lith H5,Forma Blueprint,common,True
Lith H5,Lex Prime Receiver,common,True
Lith H6,Hystrix Prime Receiver,rare,True
Lith H6,Nagantaka Prime Stock,uncommon,True
Lith H6,Strun Prime Stock,uncommon,True
Lith H6,Tatsu Prime Blueprint,common,True
Lith H6,Burston Prime Receiver,common,True
Lith H6,Volnus Prime Blueprint,common,True
Lith H7,Harrow Prime Systems Blueprint,rare,True
Lith H7,2X Forma Blueprint,uncommon,True
Lith H7,Akbronco Prime Link,uncommon,True
Lith H7,Volnus Prime Blueprint,common,True
Lith H7,Khora Prime Systems Blueprint,common,True
Lith H7,Cobra & Crane Prime Hilt,common,True
Lith H8,Hystrix Prime Receiver,rare,True
Lith H8,Nagantaka Prime Stock,uncommon,True
Lith H8,2X Forma Blueprint,uncommon,True
Lith H8,Hildryn Prime Systems Blueprint,common,True
Lith H8,Braton Prime Receiver,common,True
Lith H8,Magnus Prime Blueprint,common,True
Lith H9,Hystrix Prime Receiver,rare,True
Lith H9,Fulmin Prime Blueprint,uncommon,True
Lith H9,2X Forma Blueprint,uncommon,True
Lith H9,Afuris Prime Barrel,common,True
Lith H9,Paris Prime String,common,True
Lith H9,Garuda Prime Blueprint,common,True
Lith I1,Ivara Prime Chassis Blueprint,rare,True
Lith I1,Burston Prime Barrel,uncommon,True
Lith I1,Karyst Prime Handle,uncommon,True
Lith I1,Fang Prime Blade,common,True
Lith I1,Pandero Prime Blueprint,common,True
Lith I1,Forma Blueprint,common,True
Lith K1,Kavasa Prime Buckle,rare,True
Lith K1,Tigris Prime Barrel,uncommon,True
Lith K1,Trinity Prime Blueprint,uncommon,True
Lith K1,Fang Prime Blueprint,common,True
Lith K1,Burston Prime Stock,common,True
Lith K1,Odonata Prime Harness Blueprint,common,True
Lith K10,Knell Prime Receiver,rare,True
Lith K10,Larkspur Prime Stock,uncommon,True
Lith K10,Nidus Prime Blueprint,uncommon,True
Lith K10,Corvas Prime Stock,common,True
Lith K10,Paris Prime String,common,True
Lith K10,Fang Prime Blade,common,True
Lith K11,Knell Prime Barrel,rare,True
Lith K11,Nekros Prime Neuroptics Blueprint,uncommon,True
Lith K11,Lex Prime Blueprint,uncommon,True
Lith K11,Tigris Prime Stock,common,True
Lith K11,Vasto Prime Barrel,common,True
Lith K11,Forma Blueprint,common,True
Lith K12,Kompressa Prime Barrel,rare,False
Lith K12,Cedo Prime Receiver,uncommon,False
Lith K12,2X Forma Blueprint,uncommon,False
Lith K12,Caliban Prime Chassis Blueprint,common,False
Lith K12,Braton Prime Stock,common,False
Lith K12,Trumna Prime Blueprint,common,False
Lith K2,Kogake Prime Gauntlet,rare,True
Lith K2,2X Forma Blueprint,uncommon,True
Lith K2,Braton Prime Receiver,uncommon,True
Lith K2,Zephyr Prime Neuroptics Blueprint,common,True
Lith K2,Braton Prime Barrel,common,True
Lith K2,Rubico Prime Receiver,common,True
Lith K3,Kronen Prime Blade,rare,True
Lith K3,Tiberon Prime Blueprint,uncommon,True
Lith K3,Wukong Prime Chassis Blueprint,uncommon,True
Lith K3,Rubico Prime Receiver,common,True
Lith K3,Forma Blueprint,common,True
Lith K3,Paris Prime Upper Limb,common,True
Lith K4,Kavasa Prime Buckle,rare,True
Lith K4,Trinity Prime Blueprint,uncommon,True
Lith K4,Soma Prime Receiver,uncommon,True
Lith K4,Nova Prime Neuroptics Blueprint,common,True
Lith K4,Forma Blueprint,common,True
Lith K4,Dual Kamas Prime Blueprint,common,True
Lith K5,Kogake Prime Gauntlet,rare,True
Lith K5,Akbolto Prime Barrel,uncommon,True
Lith K5,Banshee Prime Systems Blueprint,uncommon,True
Lith K5,Mirage Prime Chassis Blueprint,common,True
Lith K5,Forma Blueprint,common,True
Lith K5,Helios Prime Carapace,common,True
Lith K6,Karyst Prime Blade,rare,True
Lith K6,Paris Prime Grip,uncommon,True
Lith K6,Gara Prime Chassis Blueprint,uncommon,True
Lith K6,Bronco Prime Blueprint,common,True
Lith K6,Atlas Prime Blueprint,common,True
Lith K6,Aksomati Prime Receiver,common,True
Lith K7,Karyst Prime Blade,rare,True
Lith K7,Octavia Prime Chassis Blueprint,uncommon,True
Lith K7,2X Forma Blueprint,uncommon,True
Lith K7,Paris Prime Lower Limb,common,True
Lith K7,Baza Prime Receiver,common,True
Lith K7,Guandao Prime Blade,common,True
Lith K8,Kavasa Prime Buckle,rare,True
Lith K8,Limbo Prime Neuroptics Blueprint,uncommon,True
Lith K8,Trinity Prime Neuroptics Blueprint,uncommon,True
Lith K8,Braton Prime Receiver,common,True
Lith K8,Forma Blueprint,common,True
Lith K8,Lex Prime Receiver,common,True
Lith K9,Khora Prime Blueprint,rare,True
Lith K9,Guandao Prime Blueprint,uncommon,True
Lith K9,Astilla Prime Stock,uncommon,True
Lith K9,Braton Prime Barrel,common,True
Lith K9,Forma Blueprint,common,True
Lith K9,Akbronco Prime Blueprint,common,True
Lith L1,Limbo Prime Neuroptics Blueprint,rare,True
Lith L1,Zhuge Prime Blueprint,uncommon,True
Lith L1,Equinox Prime Neuroptics Blueprint,uncommon,True
Lith L1,Destreza Prime Handle,common,True
Lith L1,Kogake Prime Boot,common,True
Lith L1,Forma Blueprint,common,True
Lith L2,Limbo Prime Neuroptics Blueprint,rare,True
Lith L2,Braton Prime Receiver,uncommon,True
Lith L2,Tekko Prime Blueprint,uncommon,True
Lith L2,Pyrana Prime Barrel,common,True
Lith L2,Equinox Prime Chassis Blueprint,common,True
Lith L2,Redeemer Prime Blade,common,True
Lith L3,Limbo Prime Chassis Blueprint,rare,True
Lith L3,Trinity Prime Chassis Blueprint,uncommon,True
Lith L3,Kavasa Prime Band,uncommon,True
Lith L3,Pyrana Prime Barrel,common,True
Lith L3,Dual Kamas Prime Blueprint,common,True
Lith L3,Lex Prime Barrel,common,True
Lith L4,Latron Prime Blueprint,rare,True
Lith L4,Reaper Prime Blueprint,uncommon,True
Lith L4,Vasto Prime Blueprint,uncommon,True
Lith L4,Mag Prime Systems Blueprint,common,True
Lith L4,Boar Prime Receiver,common,True
Lith L4,Forma Blueprint,common,True
Lith L5,Lavos Prime Systems Blueprint,rare,True
Lith L5,Zylok Prime Receiver,uncommon,True
Lith L5,Fang Prime Handle,uncommon,True
Lith L5,Forma Blueprint,common,True
Lith L5,Paris Prime Upper Limb,common,True
Lith L5,Okina Prime Blade,common,True
Lith L6,Larkspur Prime Barrel,rare,True
Lith L6,Wisp Prime Neuroptics Blueprint,uncommon,True
Lith L6,Shade Prime Systems,uncommon,True
Lith L6,Gunsen Prime Blueprint,common,True
Lith L6,Burston Prime Receiver,common,True
Lith L6,Forma Blueprint,common,True
Lith L7,Lavos Prime Systems Blueprint,rare,True
Lith L7,Vadarya Prime Barrel,uncommon,True
Lith L7,Sevagoth Prime Blueprint,uncommon,True
Lith L7,Bronco Prime Receiver,common,True
Lith L7,Nautilus Prime Carapace,common,True
Lith L7,Okina Prime Blade,common,True
Lith L8,Lavos Prime Systems Blueprint,rare,
Lith L8,Akbronco Prime Link,uncommon,
Lith L8,Alternox Prime Barrel,uncommon,
Lith L8,Kestrel Prime Blade,common,
Lith L8,Perigale Prime Blueprint,common,
Lith L8,Orthos Prime Handle,common,
Lith M1,Mag Prime Blueprint,rare,True
Lith M1,Lex Prime Receiver,common,True
Lith M1,Soma Prime Blueprint,uncommon,True
Lith M1,Dakra Prime Blueprint,uncommon,True
Lith M1,Boar Prime Receiver,common,True
Lith M1,Forma Blueprint,common,True
Lith M10,Masseter Prime Blade,rare,True
Lith M10,Burston Prime Barrel,uncommon,True
Lith M10,Grendel Prime Chassis Blueprint,uncommon,True
Lith M10,Orthos Prime Handle,common,True
Lith M10,Sevagoth Prime Systems Blueprint,common,True
Lith M10,Acceltra Prime Blueprint,common,True
Lith M2,Mag Prime Blueprint,rare,True
Lith M2,Boar Prime Barrel,uncommon,True
Lith M2,2X Forma Blueprint,uncommon,True
Lith M2,Nova Prime Neuroptics Blueprint,common,True
Lith M2,Soma Prime Barrel,common,True
Lith M2,Dakra Prime Handle,common,True
Lith M3,Mesa Prime Neuroptics Blueprint,rare,True
Lith M3,Rubico Prime Stock,uncommon,True
Lith M3,Oberon Prime Blueprint,uncommon,True
Lith M3,Silva & Aegis Prime Hilt,common,True
Lith M3,Forma Blueprint,common,True
Lith M3,Paris Prime Blueprint,common,True
Lith M4,Mesa Prime Neuroptics Blueprint,rare,True
Lith M4,Stradavar Prime Barrel,uncommon,True
Lith M4,Destreza Prime Blueprint,uncommon,True
Lith M4,Paris Prime Blueprint,common,True
Lith M4,Akjagara Prime Blueprint,common,True
Lith M4,Equinox Prime Chassis Blueprint,common,True
Lith M5,Mesa Prime Neuroptics Blueprint,rare,True
Lith M5,Titania Prime Blueprint,uncommon,True
Lith M5,Stradavar Prime Barrel,uncommon,True
Lith M5,Redeemer Prime Blade,common,True
Lith M5,Burston Prime Stock,common,True
Lith M5,Atlas Prime Blueprint,common,True
Lith M6,Mesa Prime Systems Blueprint,rare,True
Lith M6,Dethcube Prime Carapace,uncommon,True
Lith M6,Akjagara Prime Receiver,uncommon,True
Lith M6,Bronco Prime Blueprint,common,True
Lith M6,Inaros Prime Systems Blueprint,common,True
Lith M6,Forma Blueprint,common,True
Lith M7,Mirage Prime Blueprint,rare,True
Lith M7,Euphona Prime Barrel,uncommon,True
Lith M7,2X Forma Blueprint,uncommon,True
Lith M7,Kogake Prime Boot,common,True
Lith M7,Akbolto Prime Blueprint,common,True
Lith M7,Banshee Prime Neuroptics Blueprint,common,True
Lith M8,Mag Prime Blueprint,rare,True
Lith M8,Frost Prime Systems Blueprint,uncommon,True
Lith M8,Reaper Prime Blade,uncommon,True
Lith M8,Vasto Prime Barrel,common,True
Lith M8,Dakra Prime Handle,common,True
Lith M8,Forma Blueprint,common,True
Lith M9,Masseter Prime Blade,rare,True
Lith M9,Hildryn Prime Neuroptics Blueprint,uncommon,True
Lith M9,2X Forma Blueprint,uncommon,True
Lith M9,Shade Prime Cerebrum,common,True
Lith M9,Orthos Prime Handle,common,True
Lith M9,Gauss Prime Chassis Blueprint,common,True
Lith N1,Nova Prime Chassis Blueprint,rare,True
Lith N1,Akbronco Prime Link,uncommon,True
Lith N1,2X Forma Blueprint,uncommon,True
Lith N1,Nekros Prime Chassis Blueprint,common,True
Lith N1,Bronco Prime Blueprint,common,True
Lith N1,Fang Prime Blade,common,True
Lith N10,Nezha Prime Neuroptics Blueprint,rare,True
Lith N10,Titania Prime Neuroptics Blueprint,uncommon,True
Lith N10,Inaros Prime Blueprint,uncommon,True
Lith N10,Braton Prime Stock,common,True
Lith N10,Orthos Prime Handle,common,True
Lith N10,Forma Blueprint,common,True
Lith N11,Nezha Prime Chassis Blueprint,rare,True
Lith N11,Astilla Prime Stock,uncommon,True
Lith N11,Zakti Prime Barrel,uncommon,True
Lith N11,Fang Prime Blueprint,common,True
Lith N11,Lex Prime Blueprint,common,True
Lith N11,Pandero Prime Blueprint,common,True
Lith N12,Nidus Prime Chassis Blueprint,rare,True
Lith N12,Burston Prime Barrel,uncommon,True
Lith N12,Strun Prime Barrel,uncommon,True
Lith N12,Astilla Prime Receiver,common,True
Lith N12,Lex Prime Barrel,common,True
Lith N12,Nezha Prime Systems Blueprint,common,True
Lith N13,Ninkondi Prime Handle,rare,True
Lith N13,Wukong Prime Chassis Blueprint,uncommon,True
Lith N13,Tipedo Prime Ornament,uncommon,True
Lith N13,Stradavar Prime Stock,common,True
Lith N13,Lex Prime Barrel,common,True
Lith N13,Fang Prime Blueprint,common,True
Lith N14,Nagantaka Prime Blueprint,rare,True
Lith N14,2X Forma Blueprint,uncommon,True
Lith N14,Paris Prime Upper Limb,uncommon,True
Lith N14,Hystrix Prime Barrel,common,True
Lith N14,Braton Prime Barrel,common,True
Lith N14,Afuris Prime Barrel,common,True
Lith N15,Nautilus Prime Cerebrum,rare,True
Lith N15,Baruuk Prime Chassis Blueprint,uncommon,True
Lith N15,Cobra & Crane Prime Blueprint,uncommon,True
Lith N15,Forma Blueprint,common,True
Lith N15,Fang Prime Blueprint,common,True
Lith N15,Wisp Prime Systems Blueprint,common,True
Lith N16,Nautilus Prime Cerebrum,rare,True
Lith N16,Trumna Prime Stock,uncommon,True
Lith N16,Gauss Prime Blueprint,uncommon,True
Lith N16,Fang Prime Blueprint,common,True
Lith N16,Braton Prime Barrel,common,True
Lith N16,Gunsen Prime Blueprint,common,True
Lith N17,Nautilus Prime Blueprint,rare,True
Lith N17,Fang Prime Handle,uncommon,True
Lith N17,Acceltra Prime Receiver,uncommon,True
Lith N17,Braton Prime Blueprint,common,True
Lith N17,Lex Prime Barrel,common,True
Lith N17,Xaku Prime Neuroptics Blueprint,common,True
Lith N18,Nautilus Prime Blueprint,rare,True
Lith N18,Alternox Prime Barrel,uncommon,True
Lith N18,Quassus Prime Blueprint,uncommon,True
Lith N18,Forma Blueprint,common,True
Lith N18,Braton Prime Stock,common,True
Lith N18,Bronco Prime Blueprint,common,True
Lith N19,Nautilus Prime Cerebrum,rare,True
Lith N19,Voruna Prime Chassis Blueprint,uncommon,True
Lith N19,2X Forma Blueprint,uncommon,True
Lith N19,Vadarya Prime Stock,common,True
Lith N19,Paris Prime Upper Limb,common,True
Lith N19,Daikyu Prime String,common,True
Lith N2,Nekros Prime Systems Blueprint,rare,True
Lith N2,Helios Prime Blueprint,uncommon,True
Lith N2,Kavasa Prime Band,uncommon,True
Lith N2,Paris Prime Upper Limb,common,True
Lith N2,Spira Prime Blueprint,common,True
Lith N2,Carrier Prime Systems,common,True
Lith N3,Nekros Prime Blueprint,rare,True
Lith N3,Braton Prime Blueprint,uncommon,True
Lith N3,2X Forma Blueprint,uncommon,True
Lith N3,Sybaris Prime Stock,common,True
Lith N3,Burston Prime Receiver,common,True
Lith N3,Valkyr Prime Blueprint,common,True
Lith N4,Ninkondi Prime Handle,rare,True
Lith N4,Atlas Prime Systems Blueprint,uncommon,True
Lith N4,Ivara Prime Blueprint,uncommon,True
Lith N4,Bronco Prime Blueprint,common,True
Lith N4,Forma Blueprint,common,True
Lith N4,Gram Prime Blade,common,True
Lith N5,Ninkondi Prime Handle,rare,True
Lith N5,Braton Prime Receiver,uncommon,True
Lith N5,Ivara Prime Blueprint,uncommon,True
Lith N5,Stradavar Prime Stock,common,True
Lith N5,Zhuge Prime String,common,True
Lith N5,Forma Blueprint,common,True
Lith N6,Nezha Prime Neuroptics Blueprint,rare,True
Lith N6,Stradavar Prime Barrel,uncommon,True
Lith N6,Inaros Prime Chassis Blueprint,uncommon,True
Lith N6,Fang Prime Blade,common,True
Lith N6,Zhuge Prime Grip,common,True
Lith N6,Aksomati Prime Receiver,common,True
Lith N7,Nidus Prime Chassis Blueprint,rare,True
Lith N7,Ivara Prime Blueprint,uncommon,True
Lith N7,Pangolin Prime Blade,uncommon,True
Lith N7,Octavia Prime Systems Blueprint,common,True
Lith N7,Braton Prime Blueprint,common,True
Lith N7,Lex Prime Barrel,common,True
Lith N8,Nezha Prime Neuroptics Blueprint,rare,True
Lith N8,Zakti Prime Barrel,uncommon,True
Lith N8,Titania Prime Neuroptics Blueprint,uncommon,True
Lith N8,Aksomati Prime Blueprint,common,True
Lith N8,Astilla Prime Receiver,common,True
Lith N8,Pandero Prime Blueprint,common,True
Lith N9,Nami Skyla Prime Blade,rare,True
Lith N9,Mesa Prime Blueprint,uncommon,True
Lith N9,Akjagara Prime Receiver,uncommon,True
Lith N9,Redeemer Prime Blade,common,True
Lith N9,Burston Prime Stock,common,True
Lith N9,Forma Blueprint,common,True
Lith O1,Oberon Prime Neuroptics Blueprint,rare,True
Lith O1,Akbolto Prime Barrel,uncommon,True
Lith O1,2X Forma Blueprint,uncommon,True
Lith O1,Rubico Prime Receiver,common,True
Lith O1,Burston Prime Blueprint,common,True
Lith O1,Ballistica Prime Lower Limb,common,True
Lith O2,Odonata Prime Wings Blueprint,rare,True
Lith O2,Loki Prime Chassis Blueprint,uncommon,True
Lith O2,2X Forma Blueprint,uncommon,True
Lith O2,Volt Prime Blueprint,common,True
Lith O2,Bo Prime Blueprint,common,True
Lith O2,Wyrm Prime Cerebrum,common,True
Lith O3,Octavia Prime Blueprint,rare,True
Lith O3,Nezha Prime Blueprint,uncommon,True
Lith O3,Fang Prime Blueprint,uncommon,True
Lith O3,Tenora Prime Blueprint,common,True
Lith O3,Guandao Prime Blade,common,True
Lith O3,Forma Blueprint,common,True
Lith O4,Okina Prime Blueprint,rare,True
Lith O4,Xaku Prime Chassis Blueprint,uncommon,True
Lith O4,Protea Prime Neuroptics Blueprint,uncommon,True
Lith O4,Vadarya Prime Stock,common,True
Lith O4,Bronco Prime Receiver,common,True
Lith O4,Akarius Prime Barrel,common,True
Lith P1,Pyrana Prime Blueprint,rare,True
Lith P1,2X Forma Blueprint,uncommon,True
Lith P1,Braton Prime Receiver,uncommon,True
Lith P1,Sybaris Prime Stock,common,True
Lith P1,Fang Prime Blade,common,True
Lith P1,Helios Prime Carapace,common,True
Lith P2,Pyrana Prime Blueprint,rare,True
Lith P2,Ballistica Prime Receiver,uncommon,True
Lith P2,Gram Prime Blueprint,uncommon,True
Lith P2,Burston Prime Blueprint,common,True
Lith P2,Tipedo Prime Blueprint,common,True
Lith P2,Forma Blueprint,common,True
Lith P3,Panthera Prime Barrel,rare,True
Lith P3,Burston Prime Barrel,uncommon,True
Lith P3,Akjagara Prime Link,uncommon,True
Lith P3,Stradavar Prime Stock,common,True
Lith P3,Atlas Prime Blueprint,common,True
Lith P3,Forma Blueprint,common,True
Lith P4,Panthera Prime Barrel,rare,True
Lith P4,2X Forma Blueprint,uncommon,True
Lith P4,Equinox Prime Blueprint,uncommon,True
Lith P4,Bronco Prime Blueprint,common,True
Lith P4,Titania Prime Chassis Blueprint,common,True
Lith P4,Braton Prime Barrel,common,True
Lith P5,Pangolin Prime Blueprint,rare,True
Lith P5,Guandao Prime Blueprint,uncommon,True
Lith P5,Tekko Prime Blueprint,uncommon,True
Lith P5,Atlas Prime Blueprint,common,True
Lith P5,Lex Prime Blueprint,common,True
Lith P5,Bronco Prime Receiver,common,True
Lith P6,Phantasma Prime Stock,rare,True
Lith P6,Volnus Prime Head,uncommon,True
Lith P6,Harrow Prime Blueprint,uncommon,True
Lith P6,Burston Prime Receiver,common,True
Lith P6,Akbronco Prime Blueprint,common,True
Lith P6,Gara Prime Systems Blueprint,common,True
Lith P7,Pyrana Prime Blueprint,rare,True
Lith P7,Destreza Prime Blueprint,uncommon,True
Lith P7,Mesa Prime Blueprint,uncommon,True
Lith P7,Akjagara Prime Blueprint,common,True
Lith P7,Lex Prime Receiver,common,True
Lith P7,Forma Blueprint,common,True
Lith P8,Phantasma Prime Barrel,rare,True
Lith P8,2X Forma Blueprint,uncommon,True
Lith P8,Baruuk Prime Chassis Blueprint,uncommon,True
Lith P8,Afuris Prime Barrel,common,True
Lith P8,Lex Prime Barrel,common,True
Lith P8,Bronco Prime Receiver,common,True
Lith P9,Protea Prime Systems Blueprint,rare,True
Lith P9,Bronco Prime Barrel,uncommon,True
Lith P9,Larkspur Prime Receiver,uncommon,True
Lith P9,Forma Blueprint,common,True
Lith P9,Lex Prime Blueprint,common,True
Lith P9,Hildryn Prime Systems Blueprint,common,True
Lith Q1,Quassus Prime Blade,rare,True
Lith Q1,Fulmin Prime Stock,uncommon,True
Lith Q1,Nautilus Prime Systems,uncommon,True
Lith Q1,Zylok Prime Barrel,common,True
Lith Q1,Bronco Prime Receiver,common,True
Lith Q1,Wisp Prime Systems Blueprint,common,True
Lith Q2,Quassus Prime Blade,rare,True
Lith Q2,Epitaph Prime Barrel,uncommon,True
Lith Q2,Nautilus Prime Systems,uncommon,True
Lith Q2,Daikyu Prime Blueprint,common,True
Lith Q2,Burston Prime Stock,common,True
Lith Q2,Trumna Prime Blueprint,common,True
Lith Q3,Quassus Prime Blade,rare,False
Lith Q3,Gyre Prime Blueprint,uncommon,False
Lith Q3,Cedo Prime Receiver,uncommon,False
Lith Q3,Afentis Prime Handle,common,False
Lith Q3,Bronco Prime Blueprint,common,False
Lith Q3,Paris Prime String,common,False
Lith R1,Redeemer Prime Handle,rare,True
Lith R1,Ballistica Prime Receiver,uncommon,True
Lith R1,Burston Prime Barrel,uncommon,True
Lith R1,Mesa Prime Chassis Blueprint,common,True
Lith R1,Hydroid Prime Chassis Blueprint,common,True
Lith R1,Forma Blueprint,common,True
Lith R2,Revenant Prime Blueprint,rare,True
Lith R2,Nidus Prime Blueprint,uncommon,True
Lith R2,Tenora Prime Stock,uncommon,True
Lith R2,Lex Prime Blueprint,common,True
Lith R2,Octavia Prime Systems Blueprint,common,True
Lith R2,Scourge Prime Blade,common,True
Lith R3,Revenant Prime Blueprint,rare,True
Lith R3,Harrow Prime Neuroptics Blueprint,uncommon,True
Lith R3,Fang Prime Handle,uncommon,True
Lith R3,Scourge Prime Blade,common,True
Lith R3,Forma Blueprint,common,True
Lith R3,Burston Prime Stock,common,True
Lith R4,Revenant Prime Blueprint,rare,True
Lith R4,Zylok Prime Receiver,uncommon,True
Lith R4,Garuda Prime Chassis Blueprint,uncommon,True
Lith R4,Akbronco Prime Blueprint,common,True
Lith R4,Braton Prime Blueprint,common,True
Lith R4,Khora Prime Systems Blueprint,common,True
Lith R5,Revenant Prime Blueprint,rare,True
Lith R5,Akarius Prime Link,uncommon,True
Lith R5,Tatsu Prime Blade,uncommon,True
Lith R5,Forma Blueprint,common,True
Lith R5,Fang Prime Blueprint,common,True
Lith R5,Zylok Prime Barrel,common,True
Lith S1,Paris Prime Grip,uncommon,True
Lith S1,2X Forma Blueprint,uncommon,True
Lith S1,Paris Prime String,common,True
Lith S1,Spira Prime Pouch,rare,True
Lith S1,Hikou Prime Blueprint,common,True
Lith S1,Bronco Prime Blueprint,common,True
Lith S10,Stradavar Prime Blueprint,rare,True
Lith S10,Orthos Prime Blueprint,uncommon,True
Lith S10,Baza Prime Barrel,uncommon,True
Lith S10,Mesa Prime Chassis Blueprint,common,True
Lith S10,Dethcube Prime Systems,common,True
Lith S10,Burston Prime Blueprint,common,True
Lith S11,Strun Prime Blueprint,rare,True
Lith S11,Pangolin Prime Blade,uncommon,True
Lith S11,Orthos Prime Blueprint,uncommon,True
Lith S11,Fang Prime Blade,common,True
Lith S11,Volnus Prime Blueprint,common,True
Lith S11,Forma Blueprint,common,True
Lith S12,Strun Prime Blueprint,rare,True
Lith S12,Gara Prime Neuroptics Blueprint,uncommon,True
Lith S12,Braton Prime Blueprint,uncommon,True
Lith S12,Corvas Prime Stock,common,True
Lith S12,Forma Blueprint,common,True
Lith S12,Bronco Prime Blueprint,common,True
Lith S13,Stradavar Prime Blueprint,rare,True
Lith S13,Equinox Prime Blueprint,uncommon,True
Lith S13,Burston Prime Barrel,uncommon,True
Lith S13,Wukong Prime Neuroptics Blueprint,common,True
Lith S13,Zhuge Prime Grip,common,True
Lith S13,Forma Blueprint,common,True
Lith S14,Scourge Prime Blueprint,rare,True
Lith S14,Revenant Prime Neuroptics Blueprint,uncommon,True
Lith S14,Burston Prime Barrel,uncommon,True
Lith S14,Lex Prime Barrel,common,True
Lith S14,Forma Blueprint,common,True
Lith S14,Knell Prime Blueprint,common,True
Lith S15,Shade Prime Carapace,rare,True
Lith S15,Harrow Prime Blueprint,uncommon,True
Lith S15,Khora Prime Chassis Blueprint,uncommon,True
Lith S15,Burston Prime Receiver,common,True
Lith S15,Forma Blueprint,common,True
Lith S15,Hystrix Prime Barrel,common,True
Lith S16,Sevagoth Prime Chassis Blueprint,rare,True
Lith S16,Paris Prime Grip,uncommon,True
Lith S16,Dual Zoren Prime Blueprint,uncommon,True
Lith S16,Masseter Prime Handle,common,True
Lith S16,Forma Blueprint,common,True
Lith S16,Xaku Prime Neuroptics Blueprint,common,True
Lith S17,Saryn Prime Chassis Blueprint,rare,True
Lith S17,Nidus Prime Blueprint,uncommon,True
Lith S17,Braton Prime Blueprint,uncommon,True
Lith S17,Spira Prime Blueprint,common,True
Lith S17,Paris Prime Lower Limb,common,True
Lith S17,Forma Blueprint,common,True
Lith S18,Styanax Prime Neuroptics Blueprint,rare,False
Lith S18,2X Forma Blueprint,uncommon,False
Lith S18,Vadarya Prime Barrel,uncommon,False
Lith S18,Burston Prime Stock,common,False
Lith S18,Daikyu Prime String,common,False
Lith S18,Kestrel Prime Blade,common,False
Lith S19,Sarofang Prime Blade,rare,
Lith S19,Orthos Prime Blueprint,uncommon,
Lith S19,Citrine Prime Systems Blueprint,uncommon,
Lith S19,Forma Blueprint,common,
Lith S19,Braton Prime Barrel,common,
Lith S19,Bronco Prime Receiver,common,
Lith S2,Soma Prime Stock,rare,True
Lith S2,Carrier Prime Systems,common,True
Lith S2,2X Forma Blueprint,uncommon,True
Lith S2,Akbronco Prime Blueprint,common,True
Lith S2,Nyx Prime Blueprint,common,True
Lith S2,Kavasa Prime Band,uncommon,True
Lith S20,Sevagoth Prime Blueprint,rare,
Lith S20,Hydroid Prime Blueprint,uncommon,
Lith S20,Bronco Prime Barrel,uncommon,
Lith S20,Ballistica Prime Receiver,common,
Lith S20,Burston Prime Receiver,common,
Lith S20,Forma Blueprint,common,
Lith S3,Spira Prime Pouch,rare,True
Lith S3,Ash Prime Blueprint,uncommon,True
Lith S3,Soma Prime Receiver,uncommon,True
Lith S3,Carrier Prime Systems,common,True
Lith S3,Akbronco Prime Blueprint,common,True
Lith S3,Paris Prime String,common,True
Lith S4,Saryn Prime Blueprint,rare,True
Lith S4,Trinity Prime Chassis Blueprint,uncommon,True
Lith S4,Kavasa Prime Kubrow Collar Blueprint,uncommon,True
Lith S4,Lex Prime Blueprint,common,True
Lith S4,Forma Blueprint,common,True
Lith S4,Paris Prime Blueprint,common,True
Lith S5,Spira Prime Blade,rare,True
Lith S5,Akbronco Prime Link,uncommon,True
Lith S5,Galatine Prime Handle,uncommon,True
Lith S5,Carrier Prime Carapace,common,True
Lith S5,Burston Prime Receiver,common,True
Lith S5,Fang Prime Blade,common,True
Lith S6,Spira Prime Pouch,rare,True
Lith S6,Kavasa Prime Band,uncommon,True
Lith S6,Valkyr Prime Neuroptics Blueprint,uncommon,True
Lith S6,Forma Blueprint,common,True
Lith S6,Fang Prime Blade,common,True
Lith S6,Dual Kamas Prime Blueprint,common,True
Lith S7,Sybaris Prime Barrel,rare,True
Lith S7,Paris Prime Grip,uncommon,True
Lith S7,Akbolto Prime Link,uncommon,True
Lith S7,Mirage Prime Chassis Blueprint,common,True
Lith S7,Lex Prime Blueprint,common,True
Lith S7,Galatine Prime Blade,common,True
Lith S8,Stradavar Prime Blueprint,rare,True
Lith S8,Orthos Prime Blueprint,uncommon,True
Lith S8,Rubico Prime Barrel,uncommon,True
Lith S8,Gram Prime Blade,common,True
Lith S8,Braton Prime Barrel,common,True
Lith S8,Forma Blueprint,common,True
Lith S9,Silva & Aegis Prime Guard,rare,True
Lith S9,Oberon Prime Blueprint,uncommon,True
Lith S9,Tigris Prime Receiver,uncommon,True
Lith S9,Sybaris Prime Stock,common,True
Lith S9,Forma Blueprint,common,True
Lith S9,Burston Prime Stock,common,True
Lith T1,Tigris Prime Blueprint,rare,True
Lith T1,Ballistica Prime Upper Limb,uncommon,True
Lith T1,Valkyr Prime Neuroptics Blueprint,uncommon,True
Lith T1,Forma Blueprint,common,True
Lith T1,Burston Prime Blueprint,common,True
Lith T1,Akbronco Prime Blueprint,common,True
Lith T10,Tatsu Prime Handle,rare,True
Lith T10,Dual Keres Prime Handle,uncommon,True
Lith T10,Bronco Prime Barrel,uncommon,True
Lith T10,Burston Prime Stock,common,True
Lith T10,Forma Blueprint,common,True
Lith T10,Phantasma Prime Receiver,common,True
Lith T11,Titania Prime Systems Blueprint,rare,True
Lith T11,Astilla Prime Blueprint,uncommon,True
Lith T11,Lex Prime Blueprint,uncommon,True
Lith T11,Vasto Prime Barrel,common,True
Lith T11,Fang Prime Blade,common,True
Lith T11,Forma Blueprint,common,True
Lith T12,Tatsu Prime Handle,rare,True
Lith T12,Orthos Prime Blade,uncommon,True
Lith T12,2X Forma Blueprint,uncommon,True
Lith T12,Velox Prime Receiver,common,True
Lith T12,Larkspur Prime Blueprint,common,True
Lith T12,Paris Prime Upper Limb,common,True
Lith T13,Tatsu Prime Handle,rare,True
Lith T13,Revenant Prime Neuroptics Blueprint,uncommon,True
Lith T13,Baruuk Prime Chassis Blueprint,uncommon,True
Lith T13,Phantasma Prime Receiver,common,True
Lith T13,Braton Prime Barrel,common,True
Lith T13,Forma Blueprint,common,True
Lith T14,Trumna Prime Barrel,rare,False
Lith T14,Perigale Prime Receiver,uncommon,False
Lith T14,Quassus Prime Blueprint,uncommon,False
Lith T14,Daikyu Prime Blueprint,common,False
Lith T14,Lavos Prime Chassis Blueprint,common,False
Lith T14,Fang Prime Handle,common,False
Lith T2,Tiberon Prime Stock,rare,True
Lith T2,Braton Prime Blueprint,uncommon,True
Lith T2,Silva & Aegis Prime Blueprint,uncommon,True
Lith T2,Valkyr Prime Blueprint,common,True
Lith T2,Lex Prime Barrel,common,True
Lith T2,Forma Blueprint,common,True
Lith T3,Tigris Prime Blueprint,rare,True
Lith T3,2X Forma Blueprint,uncommon,True
Lith T3,Nekros Prime Blueprint,uncommon,True
Lith T3,Galatine Prime Blade,common,True
Lith T3,Braton Prime Stock,common,True
Lith T3,Oberon Prime Chassis Blueprint,common,True
Lith T4,Titania Prime Systems Blueprint,rare,True
Lith T4,Dethcube Prime Carapace,uncommon,True
Lith T4,Karyst Prime Handle,uncommon,True
Lith T4,Zakti Prime Receiver,common,True
Lith T4,Tekko Prime Gauntlet,common,True
Lith T4,Paris Prime Lower Limb,common,True
Lith T5,Tenora Prime Barrel,rare,True
Lith T5,Titania Prime Neuroptics Blueprint,uncommon,True
Lith T5,Zhuge Prime Blueprint,uncommon,True
Lith T5,Forma Blueprint,common,True
Lith T5,Corinth Prime Blueprint,common,True
Lith T5,Paris Prime Lower Limb,common,True
Lith T6,Tiberon Prime Stock,rare,True
Lith T6,Kronen Prime Handle,uncommon,True
Lith T6,Burston Prime Barrel,uncommon,True
Lith T6,Rubico Prime Barrel,common,True
Lith T6,Forma Blueprint,common,True
Lith T6,Braton Prime Blueprint,common,True
Lith T7,Titania Prime Systems Blueprint,rare,True
Lith T7,Strun Prime Barrel,uncommon,True
Lith T7,Ivara Prime Systems Blueprint,uncommon,True
Lith T7,Bronco Prime Blueprint,common,True
Lith T7,Gara Prime Systems Blueprint,common,True
Lith T7,Forma Blueprint,common,True
Lith T8,Titania Prime Systems Blueprint,rare,True
Lith T8,Burston Prime Barrel,uncommon,True
Lith T8,Astilla Prime Stock,uncommon,True
Lith T8,Gara Prime Systems Blueprint,common,True
Lith T8,Akbronco Prime Blueprint,common,True
Lith T8,Zakti Prime Receiver,common,True
Lith T9,Tenora Prime Barrel,rare,True
Lith T9,Zakti Prime Barrel,uncommon,True
Lith T9,Nidus Prime Blueprint,uncommon,True
Lith T9,Burston Prime Receiver,common,True
Lith T9,Fang Prime Blueprint,common,True
Lith T9,Forma Blueprint,common,True
Lith V1,Fragor Prime Handle,rare,True
Lith V1,Paris Prime Upper Limb,common,True
Lith V1,Volt Prime Systems Blueprint,uncommon,True
Lith V1,Paris Prime Lower Limb,common,True
Lith V1,Burston Prime Stock,common,True
Lith V1,2X Forma Blueprint,uncommon,True
Lith V10,Vectis Prime Receiver,rare,True
Lith V10,Panthera Prime Stock,uncommon,True
Lith V10,Carrier Prime Carapace,uncommon,True
Lith V10,Burston Prime Receiver,common,True
Lith V10,Fang Prime Blade,common,True
Lith V10,Forma Blueprint,common,True
Lith V11,Voruna Prime Systems Blueprint,rare,False
Lith V11,Dual Zoren Prime Blueprint,uncommon,False
Lith V11,Caliban Prime Blueprint,uncommon,False
Lith V11,Braton Prime Stock,common,False
Lith V11,Orthos Prime Handle,common,False
Lith V11,Kompressa Prime Blueprint,common,False
Lith V2,Vauban Prime Systems Blueprint,rare,True
Lith V2,2X Forma Blueprint,uncommon,True
Lith V2,Paris Prime Upper Limb,uncommon,True
Lith V2,Fang Prime Blueprint,common,True
Lith V2,Lex Prime Barrel,common,True
Lith V2,Paris Prime Lower Limb,common,True
Lith V3,Valkyr Prime Systems Blueprint,rare,True
Lith V3,Tigris Prime Barrel,uncommon,True
Lith V3,Helios Prime Systems,uncommon,True
Lith V3,Paris Prime Lower Limb,common,True
Lith V3,Cernos Prime Upper Limb,common,True
Lith V3,Braton Prime Blueprint,common,True
Lith V4,Vauban Prime Chassis Blueprint,rare,True
Lith V4,Tigris Prime Barrel,uncommon,True
Lith V4,Helios Prime Blueprint,uncommon,True
Lith V4,Spira Prime Blueprint,common,True
Lith V4,Nekros Prime Chassis Blueprint,common,True
Lith V4,Venka Prime Blades,common,True
Lith V5,Valkyr Prime Systems Blueprint,rare,True
Lith V5,Ballistica Prime Upper Limb,uncommon,True
Lith V5,Akbolto Prime Barrel,uncommon,True
Lith V5,Akbronco Prime Blueprint,common,True
Lith V5,Lex Prime Blueprint,common,True
Lith V5,Banshee Prime Neuroptics Blueprint,common,True
Lith V6,Valkyr Prime Chassis Blueprint,rare,True
Lith V6,Saryn Prime Blueprint,uncommon,True
Lith V6,2X Forma Blueprint,uncommon,True
Lith V6,Cernos Prime Grip,common,True
Lith V6,Nikana Prime Blueprint,common,True
Lith V6,Venka Prime Blades,common,True
Lith V7,Vauban Prime Neuroptics Blueprint,rare,True
Lith V7,Ash Prime Blueprint,uncommon,True
Lith V7,Akstiletto Prime Link,uncommon,True
Lith V7,Fragor Prime Head,common,True
Lith V7,Carrier Prime Blueprint,common,True
Lith V7,Vectis Prime Barrel,common,True
Lith V8,Vauban Prime Systems Blueprint,rare,True
Lith V8,Fragor Prime Handle,uncommon,True
Lith V8,Vectis Prime Stock,uncommon,True
Lith V8,Ash Prime Chassis Blueprint,common,True
Lith V8,Bronco Prime Blueprint,common,True
Lith V8,Forma Blueprint,common,True
Lith V9,Vauban Prime Systems Blueprint,rare,True
Lith V9,Dethcube Prime Carapace,uncommon,True
Lith V9,Braton Prime Receiver,uncommon,True
Lith V9,Atlas Prime Blueprint,common,True
Lith V9,Forma Blueprint,common,True
Lith V9,Vasto Prime Receiver,common,True
Lith W1,Wukong Prime Blueprint,rare,True
Lith W1,Akbolto Prime Link,uncommon,True
Lith W1,Fang Prime Handle,uncommon,True
Lith W1,Gram Prime Blade,common,True
Lith W1,Mirage Prime Neuroptics Blueprint,common,True
Lith W1,Forma Blueprint,common,True
Lith W2,Wukong Prime Blueprint,rare,True
Lith W2,Baza Prime Barrel,uncommon,True
Lith W2,Fang Prime Handle,uncommon,True
Lith W2,Rubico Prime Receiver,common,True
Lith W2,Forma Blueprint,common,True
Lith W2,Stradavar Prime Receiver,common,True
Lith W3,Wisp Prime Chassis Blueprint,rare,True
Lith W3,Larkspur Prime Stock,uncommon,True
Lith W3,Corvas Prime Blueprint,uncommon,True
Lith W3,Forma Blueprint,common,True
Lith W3,Hildryn Prime Systems Blueprint,common,True
Lith W3,Dual Keres Prime Blade,common,True
Lith W4,Wisp Prime Chassis Blueprint,rare,True
Lith W4,Epitaph Prime Barrel,uncommon,True
Lith W4,Masseter Prime Blueprint,uncommon,True
Lith W4,Forma Blueprint,common,True
Lith W4,Burston Prime Stock,common,True
Lith W4,Protea Prime Blueprint,common,True
Lith X1,Xaku Prime Blueprint,rare,True
Lith X1,Braton Prime Blueprint,uncommon,True
Lith X1,Shade Prime Systems,uncommon,True
Lith X1,Forma Blueprint,common,True
Lith X1,Lex Prime Receiver,common,True
Lith X1,Larkspur Prime Blueprint,common,True
Lith Y1,Yareli Prime Neuroptics Blueprint,rare,True
Lith Y1,Trumna Prime Stock,uncommon,True
Lith Y1,Zylok Prime Receiver,uncommon,True
Lith Y1,Braton Prime Blueprint,common,True
Lith Y1,Nautilus Prime Carapace,common,True
Lith Y1,Lex Prime Barrel,common,True
Lith Z1,Zephyr Prime Systems Blueprint,rare,True
Lith Z1,Cernos Prime Blueprint,uncommon,True
Lith Z1,2X Forma Blueprint,uncommon,True
Lith Z1,Mirage Prime Neuroptics Blueprint,common,True
Lith Z1,Akbronco Prime Blueprint,common,True
Lith Z1,Fang Prime Handle,common,True
Lith Z2,Zephyr Prime Systems Blueprint,rare,True
Lith Z2,Silva & Aegis Prime Blueprint,uncommon,True
Lith Z2,Helios Prime Systems,uncommon,True
Lith Z2,Akbronco Prime Blueprint,common,True
Lith Z2,Nami Skyla Prime Blueprint,common,True
Lith Z2,Forma Blueprint,common,True
Lith Z3,Zakti Prime Blueprint,rare,True
Lith Z3,Nagantaka Prime Stock,uncommon,True
Lith Z3,Volnus Prime Head,uncommon,True
Lith Z3,Paris Prime Lower Limb,common,True
Lith Z3,Magnus Prime Blueprint,common,True
Lith Z3,Braton Prime Receiver,common,True
Lith Z4,Zylok Prime Blueprint,rare,True
Lith Z4,Okina Prime Handle,uncommon,True
Lith Z4,Sevagoth Prime Blueprint,uncommon,True
Lith Z4,Forma Blueprint,common,True
Lith Z4,Velox Prime Receiver,common,True
Lith Z4,Yareli Prime Chassis Blueprint,common,True
Meso A1,Akjagara Prime Barrel,rare,True
Meso A1,Kronen Prime Handle,uncommon,True
Meso A1,2X Forma Blueprint,uncommon,True
Meso A1,Sybaris Prime Stock,common,True
Meso A1,Ballistica Prime Lower Limb,common,True
Meso A1,Orthos Prime Handle,common,True
Meso A10,Alternox Prime Blueprint,rare,True
Meso A10,Nautilus Prime Systems,uncommon,True
Meso A10,Dual Zoren Prime Blueprint,uncommon,True
Meso A10,Xaku Prime Neuroptics Blueprint,common,True
Meso A10,Orthos Prime Handle,common,True
Meso A10,Forma Blueprint,common,True
Meso A11,Akarius Prime Blueprint,rare,True
Meso A11,Masseter Prime Blueprint,uncommon,True
Meso A11,Acceltra Prime Stock,uncommon,True
Meso A11,Gauss Prime Chassis Blueprint,common,True
Meso A11,Paris Prime Upper Limb,common,True
Meso A11,Forma Blueprint,common,True
Meso A12,Afentis Prime Blade,rare,False
Meso A12,Bronco Prime Barrel,uncommon,False
Meso A12,Voruna Prime Neuroptics Blueprint,uncommon,False
Meso A12,Sarofang Prime Handle,common,False
Meso A12,Forma Blueprint,common,False
Meso A12,Perigale Prime Blueprint,common,False
Meso A2,Akbolto Prime Receiver,rare,True
Meso A2,Equinox Prime Blueprint,uncommon,True
Meso A2,Zephyr Prime Chassis Blueprint,uncommon,True
Meso A2,Zhuge Prime Grip,common,True
Meso A2,Tipedo Prime Blueprint,common,True
Meso A2,Forma Blueprint,common,True
Meso A3,Astilla Prime Barrel,rare,True
Meso A3,2X Forma Blueprint,uncommon,True
Meso A3,Knell Prime Receiver,uncommon,True
Meso A3,Nidus Prime Systems Blueprint,common,True
Meso A3,Tenora Prime Blueprint,common,True
Meso A3,Burston Prime Stock,common,True
Meso A4,Afuris Prime Receiver,rare,True
Meso A4,Gara Prime Chassis Blueprint,uncommon,True
Meso A4,Braton Prime Receiver,uncommon,True
Meso A4,Scourge Prime Blade,common,True
Meso A4,Corvas Prime Receiver,common,True
Meso A4,Bronco Prime Blueprint,common,True
Meso A5,Acceltra Prime Barrel,rare,True
Meso A5,Fulmin Prime Blueprint,uncommon,True
Meso A5,Afuris Prime Link,uncommon,True
Meso A5,Akbronco Prime Blueprint,common,True
Meso A5,Grendel Prime Neuroptics Blueprint,common,True
Meso A5,Khora Prime Systems Blueprint,common,True
Meso A6,Astilla Prime Barrel,rare,True
Meso A6,Titania Prime Neuroptics Blueprint,uncommon,True
Meso A6,Vasto Prime Blueprint,uncommon,True
Meso A6,Corinth Prime Blueprint,common,True
Meso A6,Lex Prime Receiver,common,True
Meso A6,Forma Blueprint,common,True
Meso A7,Akarius Prime Blueprint,rare,True
Meso A7,Orthos Prime Blade,uncommon,True
Meso A7,Braton Prime Stock,uncommon,True
Meso A7,Sevagoth Prime Neuroptics Blueprint,common,True
Meso A7,Paris Prime String,common,True
Meso A7,Fang Prime Blade,common,True
Meso A8,Acceltra Prime Stock,rare,True
Meso A8,Lavos Prime Neuroptics Blueprint,uncommon,True
Meso A8,Okina Prime Handle,uncommon,True
Meso A8,Burston Prime Receiver,common,True
Meso A8,Forma Blueprint,common,True
Meso A8,Quassus Prime Handle,common,True
Meso A9,Alternox Prime Stock,rare,True
Meso A9,Daikyu Prime Lower Limb,uncommon,True
Meso A9,Venato Prime Blueprint,uncommon,True
Meso A9,Burston Prime Receiver,common,True
Meso A9,Forma Blueprint,common,True
Meso A9,Sevagoth Prime Neuroptics Blueprint,common,True
Meso B1,Boar Prime Stock,rare,True
Meso B1,Dakra Prime Handle,common,True
Meso B1,Mag Prime Chassis Blueprint,uncommon,True
Meso B1,Orthos Prime Handle,common,True
Meso B1,Orthos Prime Blueprint,uncommon,True
Meso B1,Forma Blueprint,common,True
Meso B10,Boltor Prime Blueprint,rare,True
Meso B10,Glaive Prime Blade,uncommon,True
Meso B10,Sicarus Prime Blueprint,uncommon,True
Meso B10,Ember Prime Chassis Blueprint,common,True
Meso B10,Burston Prime Receiver,common,True
Meso B10,Forma Blueprint,common,True
Meso B2,Banshee Prime Chassis Blueprint,rare,True
Meso B2,Hydroid Prime Blueprint,uncommon,True
Meso B2,Kronen Prime Handle,uncommon,True
Meso B2,Braton Prime Blueprint,common,True
Meso B2,Oberon Prime Chassis Blueprint,common,True
Meso B2,Silva & Aegis Prime Hilt,common,True
Meso B3,Boar Prime Stock,rare,True
Meso B3,Mag Prime Chassis Blueprint,uncommon,True
Meso B3,Dakra Prime Blueprint,uncommon,True
Meso B3,Nova Prime Systems Blueprint,common,True
Meso B3,Soma Prime Blueprint,common,True
Meso B3,Forma Blueprint,common,True
Meso B4,Baza Prime Blueprint,rare,True
Meso B4,Wukong Prime Chassis Blueprint,uncommon,True
Meso B4,Redeemer Prime Blueprint,uncommon,True
Meso B4,Paris Prime Upper Limb,common,True
Meso B4,Chroma Prime Blueprint,common,True
Meso B4,Bronco Prime Receiver,common,True
Meso B5,Baza Prime Blueprint,rare,True
Meso B5,Guandao Prime Blueprint,uncommon,True
Meso B5,Volnus Prime Head,uncommon,True
Meso B5,Nidus Prime Systems Blueprint,common,True
Meso B5,Ivara Prime Neuroptics Blueprint,common,True
Meso B5,Karyst Prime Blueprint,common,True
Meso B6,Baza Prime Stock,rare,True
Meso B6,Paris Prime Grip,uncommon,True
Meso B6,2X Forma Blueprint,uncommon,True
Meso B6,Magnus Prime Blueprint,common,True
Meso B6,Akbronco Prime Blueprint,common,True
Meso B6,Octavia Prime Neuroptics Blueprint,common,True
Meso B7,Ballistica Prime Blueprint,rare,True
Meso B7,Akjagara Prime Link,uncommon,True
Meso B7,Redeemer Prime Blueprint,uncommon,True
Meso B7,Burston Prime Receiver,common,True
Meso B7,Fang Prime Blueprint,common,True
Meso B7,Forma Blueprint,common,True
Meso B8,Baruuk Prime Blueprint,rare,True
Meso B8,Tatsu Prime Blade,uncommon,True
Meso B8,Corvas Prime Blueprint,uncommon,True
Meso B8,Grendel Prime Neuroptics Blueprint,common,True
Meso B8,Forma Blueprint,common,True
Meso B8,Paris Prime String,common,True
Meso B9,Baruuk Prime Blueprint,rare,True
Meso B9,Paris Prime Upper Limb,uncommon,True
Meso B9,Shade Prime Blueprint,uncommon,True
Meso B9,Braton Prime Blueprint,common,True
Meso B9,Larkspur Prime Blueprint,common,True
Meso B9,Afuris Prime Barrel,common,True
Meso C1,Carrier Prime Cerebrum,rare,True
Meso C1,Nova Prime Neuroptics Blueprint,common,True
Meso C1,Forma Blueprint,common,True
Meso C1,Scindo Prime Handle,uncommon,True
Meso C1,Saryn Prime Systems Blueprint,common,True
Meso C1,Ash Prime Blueprint,uncommon,True
Meso C10,Corinth Prime Barrel,rare,True
Meso C10,Gara Prime Neuroptics Blueprint,uncommon,True
Meso C10,Fang Prime Blueprint,uncommon,True
Meso C10,Astilla Prime Receiver,common,True
Meso C10,Lex Prime Barrel,common,True
Meso C10,Forma Blueprint,common,True
Meso C11,Citrine Prime Blueprint,rare,
Meso C11,Daikyu Prime Upper Limb,uncommon,
Meso C11,2X Forma Blueprint,uncommon,
Meso C11,Lavos Prime Chassis Blueprint,common,
Meso C11,Paris Prime Blueprint,common,
Meso C11,Kompressa Prime Blueprint,common,
Meso C2,Carrier Prime Cerebrum,rare,True
Meso C2,Valkyr Prime Neuroptics Blueprint,uncommon,True
Meso C2,Odonata Prime Blueprint,uncommon,True
Meso C2,Cernos Prime Upper Limb,common,True
Meso C2,Bronco Prime Blueprint,common,True
Meso C2,Galatine Prime Blade,common,True
Meso C3,Cernos Prime Lower Limb,rare,True
Meso C3,Saryn Prime Blueprint,uncommon,True
Meso C3,Helios Prime Blueprint,uncommon,True
Meso C3,Lex Prime Blueprint,common,True
Meso C3,Nami Skyla Prime Blueprint,common,True
Meso C3,Burston Prime Stock,common,True
Meso C4,Chroma Prime Systems Blueprint,rare,True
Meso C4,2X Forma Blueprint,uncommon,True
Meso C4,Atlas Prime Systems Blueprint,uncommon,True
Meso C4,Ivara Prime Neuroptics Blueprint,common,True
Meso C4,Braton Prime Stock,common,True
Meso C4,Mesa Prime Chassis Blueprint,common,True
Meso C5,Corinth Prime Barrel,rare,True
Meso C5,Chroma Prime Chassis Blueprint,uncommon,True
Meso C5,2X Forma Blueprint,uncommon,True
Meso C5,Tipedo Prime Blueprint,common,True
Meso C5,Burston Prime Blueprint,common,True
Meso C5,Stradavar Prime Stock,common,True
Meso C6,Corinth Prime Stock,rare,True
Meso C6,2X Forma Blueprint,uncommon,True
Meso C6,Nezha Prime Blueprint,uncommon,True
Meso C6,Burston Prime Blueprint,common,True
Meso C6,Lex Prime Barrel,common,True
Meso C6,Baza Prime Receiver,common,True
Meso C7,Carrier Prime Cerebrum,rare,True
Meso C7,Karyst Prime Handle,uncommon,True
Meso C7,Vectis Prime Blueprint,uncommon,True
Meso C7,Inaros Prime Systems Blueprint,common,True
Meso C7,Burston Prime Blueprint,common,True
Meso C7,Forma Blueprint,common,True
Meso C8,Cobra & Crane Prime Guard,rare,True
Meso C8,Harrow Prime Neuroptics Blueprint,uncommon,True
Meso C8,Scourge Prime Handle,uncommon,True
Meso C8,Phantasma Prime Receiver,common,True
Meso C8,Nagantaka Prime Barrel,common,True
Meso C8,Bronco Prime Receiver,common,True
Meso C9,Corvas Prime Barrel,rare,True
Meso C9,Braton Prime Stock,uncommon,True
Meso C9,Revenant Prime Systems Blueprint,uncommon,True
Meso C9,Forma Blueprint,common,True
Meso C9,Paris Prime Lower Limb,common,True
Meso C9,Hildryn Prime Systems Blueprint,common,True
Meso D1,Orthos Prime Handle,common,True
Meso D1,2X Forma Blueprint,uncommon,True
Meso D1,Orthos Prime Blade,uncommon,True
Meso D1,Dual Kamas Prime Blade,rare,True
Meso D1,Lex Prime Blueprint,common,True
Meso D1,2X Forma Blueprint,common,True
Meso D2,Destreza Prime Blade,rare,True
Meso D2,Valkyr Prime Neuroptics Blueprint,uncommon,True
Meso D2,Helios Prime Systems,uncommon,True
Meso D2,Paris Prime Lower Limb,common,True
Meso D2,Lex Prime Receiver,common,True
Meso D2,Forma Blueprint,common,True
Meso D3,Destreza Prime Blade,rare,True
Meso D3,Nami Skyla Prime Handle,uncommon,True
Meso D3,Kronen Prime Handle,uncommon,True
Meso D3,Akbolto Prime Blueprint,common,True
Meso D3,Fang Prime Handle,common,True
Meso D3,Braton Prime Stock,common,True
Meso D4,Dethcube Prime Cerebrum,rare,True
Meso D4,Lex Prime Blueprint,uncommon,True
Meso D4,Chroma Prime Chassis Blueprint,uncommon,True
Meso D4,Forma Blueprint,common,True
Meso D4,Orthos Prime Handle,common,True
Meso D4,Akjagara Prime Blueprint,common,True
Meso D5,Dual Kamas Prime Blade,rare,True
Meso D5,Nova Prime Blueprint,uncommon,True
Meso D5,Vasto Prime Blueprint,uncommon,True
Meso D5,Trinity Prime Neuroptics Blueprint,common,True
Meso D5,Soma Prime Barrel,common,True
Meso D5,Forma Blueprint,common,True
Meso D6,Dethcube Prime Cerebrum,rare,True
Meso D6,Aksomati Prime Barrel,uncommon,True
Meso D6,Nezha Prime Blueprint,uncommon,True
Meso D6,Ivara Prime Neuroptics Blueprint,common,True
Meso D6,Octavia Prime Systems Blueprint,common,True
Meso D6,Paris Prime Blueprint,common,True
Meso D7,Dual Keres Prime Blueprint,rare,True
Meso D7,Strun Prime Stock,uncommon,True
Meso D7,Nagantaka Prime Receiver,uncommon,True
Meso D7,Nidus Prime Systems Blueprint,common,True
Meso D7,Forma Blueprint,common,True
Meso D7,Afuris Prime Barrel,common,True
Meso D8,Daikyu Prime Grip,rare,False
Meso D8,Voruna Prime Neuroptics Blueprint,uncommon,False
Meso D8,Yareli Prime Blueprint,uncommon,False
Meso D8,Dual Zoren Prime Handle,common,False
Meso D8,Braton Prime Blueprint,common,False
Meso D8,Bronco Prime Barrel,common,False
Meso D9,Dual Zoren Prime Blade,rare,
Meso D9,Steflos Prime Stock,uncommon,
Meso D9,Cedo Prime Receiver,uncommon,
Meso D9,Afentis Prime Handle,common,
Meso D9,Burston Prime Blueprint,common,
Meso D9,Paris Prime Upper Limb,common,
Meso E1,Ember Prime Blueprint,rare,True
Meso E1,Wyrm Prime Systems,uncommon,True
Meso E1,2X Forma Blueprint,uncommon,True
Meso E1,Bo Prime Ornament,common,True
Meso E1,Frost Prime Chassis Blueprint,common,True
Meso E1,Latron Prime Barrel,common,True
Meso E2,Equinox Prime Systems Blueprint,rare,True
Meso E2,Rubico Prime Stock,uncommon,True
Meso E2,Akbolto Prime Link,uncommon,True
Meso E2,Bronco Prime Blueprint,common,True
Meso E2,Destreza Prime Handle,common,True
Meso E2,Pyrana Prime Barrel,common,True
Meso E3,Equinox Prime Systems Blueprint,rare,True
Meso E3,Atlas Prime Chassis Blueprint,uncommon,True
Meso E3,Stradavar Prime Barrel,uncommon,True
Meso E3,Destreza Prime Handle,common,True
Meso E3,Bronco Prime Receiver,common,True
Meso E3,Forma Blueprint,common,True
Meso E4,Equinox Prime Systems Blueprint,rare,True
Meso E4,Titania Prime Neuroptics Blueprint,uncommon,True
Meso E4,Tekko Prime Blueprint,uncommon,True
Meso E4,Paris Prime Blueprint,common,True
Meso E4,Baza Prime Receiver,common,True
Meso E4,Forma Blueprint,common,True
Meso E5,Euphona Prime Receiver,rare,True
Meso E5,Banshee Prime Blueprint,uncommon,True
Meso E5,Helios Prime Blueprint,uncommon,True
Meso E5,Mirage Prime Neuroptics Blueprint,common,True
Meso E5,Forma Blueprint,common,True
Meso E5,Helios Prime Carapace,common,True
Meso E6,Epitaph Prime Receiver,rare,True
Meso E6,Akbronco Prime Link,uncommon,True
Meso E6,Masseter Prime Blueprint,uncommon,True
Meso E6,Xaku Prime Neuroptics Blueprint,common,True
Meso E6,Forma Blueprint,common,True
Meso E6,Paris Prime String,common,True
Meso E7,Epitaph Prime Receiver,rare,True
Meso E7,Sarofang Prime Blueprint,uncommon,True
Meso E7,Daikyu Prime Upper Limb,uncommon,True
Meso E7,Gyre Prime Systems Blueprint,common,True
Meso E7,Forma Blueprint,common,True
Meso E7,Cedo Prime Stock,common,True
Meso E8,Epitaph Prime Receiver,rare,
Meso E8,Ballistica Prime Lower Limb,uncommon,
Meso E8,Hydroid Prime Neuroptics Blueprint,uncommon,
Meso E8,Sevagoth Prime Neuroptics Blueprint,common,
Meso E8,Bronco Prime Receiver,common,
Meso E8,Forma Blueprint,common,
Meso F1,Fragor Prime Blueprint,rare,True
Meso F1,Nekros Prime Neuroptics Blueprint,uncommon,True
Meso F1,Dual Kamas Prime Handle,uncommon,True
Meso F1,Bronco Prime Receiver,common,True
Meso F1,Paris Prime Lower Limb,common,True
Meso F1,Saryn Prime Systems Blueprint,common,True
Meso F2,Frost Prime Blueprint,rare,True
Meso F2,Reaper Prime Blade,uncommon,True
Meso F2,2X Forma Blueprint,uncommon,True
Meso F2,Latron Prime Stock,common,True
Meso F2,Ember Prime Chassis Blueprint,common,True
Meso F2,Sicarus Prime Barrel,common,True
Meso F3,Frost Prime Blueprint,rare,True
Meso F3,2X Forma Blueprint,uncommon,True
Meso F3,Glaive Prime Disc,uncommon,True
Meso F3,Ember Prime Neuroptics Blueprint,common,True
Meso F3,Reaper Prime Handle,common,True
Meso F3,Loki Prime Blueprint,common,True
Meso F4,Frost Prime Blueprint,rare,True
Meso F4,Mag Prime Chassis Blueprint,uncommon,True
Meso F4,Boar Prime Blueprint,uncommon,True
Meso F4,Latron Prime Stock,common,True
Meso F4,Reaper Prime Handle,common,True
Meso F4,Forma Blueprint,common,True
Meso F5,Fulmin Prime Receiver,rare,True
Meso F5,Paris Prime Grip,uncommon,True
Meso F5,Shade Prime Systems,uncommon,True
Meso F5,Gunsen Prime Blueprint,common,True
Meso F5,Orthos Prime Handle,common,True
Meso F5,Bronco Prime Blueprint,common,True
Meso G1,Galatine Prime Blueprint,rare,True
Meso G1,Silva & Aegis Prime Blade,uncommon,True
Meso G1,Ballistica Prime String,uncommon,True
Meso G1,Venka Prime Blades,common,True
Meso G1,Braton Prime Barrel,common,True
Meso G1,Forma Blueprint,common,True
Meso G10,Gunsen Prime Blade,rare,True
Meso G10,Larkspur Prime Receiver,uncommon,True
Meso G10,Hildryn Prime Chassis Blueprint,uncommon,True
Meso G10,Wisp Prime Systems Blueprint,common,True
Meso G10,Burston Prime Stock,common,True
Meso G10,Forma Blueprint,common,True
Meso G2,Guandao Prime Handle,rare,True
Meso G2,Burston Prime Barrel,uncommon,True
Meso G2,Atlas Prime Systems Blueprint,uncommon,True
Meso G2,Forma Blueprint,common,True
Meso G2,Equinox Prime Chassis Blueprint,common,True
Meso G2,Orthos Prime Handle,common,True
Meso G3,Gara Prime Blueprint,rare,True
Meso G3,Karyst Prime Handle,uncommon,True
Meso G3,Panthera Prime Stock,uncommon,True
Meso G3,Harrow Prime Chassis Blueprint,common,True
Meso G3,Strun Prime Receiver,common,True
Meso G3,Forma Blueprint,common,True
Meso G4,Guandao Prime Handle,rare,True
Meso G4,Scourge Prime Handle,uncommon,True
Meso G4,2X Forma Blueprint,uncommon,True
Meso G4,Corvas Prime Receiver,common,True
Meso G4,Octavia Prime Systems Blueprint,common,True
Meso G4,Bronco Prime Receiver,common,True
Meso G5,Gunsen Prime Blade,rare,True
Meso G5,Nagantaka Prime Stock,uncommon,True
Meso G5,Phantasma Prime Blueprint,uncommon,True
Meso G5,Corvas Prime Stock,common,True
Meso G5,Khora Prime Systems Blueprint,common,True
Meso G5,Paris Prime Blueprint,common,True
Meso G6,Grendel Prime Blueprint,rare,True
Meso G6,Zylok Prime Receiver,uncommon,True
Meso G6,Paris Prime Grip,uncommon,True
Meso G6,Forma Blueprint,common,True
Meso G6,Tatsu Prime Blueprint,common,True
Meso G6,Burston Prime Stock,common,True
Meso G7,Gauss Prime Systems Blueprint,rare,True
Meso G7,Okina Prime Handle,uncommon,True
Meso G7,Tatsu Prime Blade,uncommon,True
Meso G7,Burston Prime Stock,common,True
Meso G7,Cobra & Crane Prime Hilt,common,True
Meso G7,Wisp Prime Systems Blueprint,common,True
Meso G8,Grendel Prime Blueprint,rare,True
Meso G8,Quassus Prime Blueprint,uncommon,True
Meso G8,2X Forma Blueprint,uncommon,True
Meso G8,Sevagoth Prime Systems Blueprint,common,True
Meso G8,Paris Prime Lower Limb,common,True
Meso G8,Braton Prime Stock,common,True
Meso G9,Gauss Prime Systems Blueprint,rare,True
Meso G9,Trumna Prime Stock,uncommon,True
Meso G9,2X Forma Blueprint,uncommon,True
Meso G9,Venato Prime Handle,common,True
Meso G9,Acceltra Prime Blueprint,common,True
Meso G9,Akbronco Prime Blueprint,common,True
Meso H1,Helios Prime Cerebrum,rare,True
Meso H1,Oberon Prime Blueprint,uncommon,True
Meso H1,Fragor Prime Blueprint,uncommon,True
Meso H1,Paris Prime Blueprint,common,True
Meso H1,Mirage Prime Neuroptics Blueprint,common,True
Meso H1,Hydroid Prime Chassis Blueprint,common,True
Meso H2,Harrow Prime Systems Blueprint,rare,True
Meso H2,Nezha Prime Blueprint,uncommon,True
Meso H2,Paris Prime Upper Limb,uncommon,True
Meso H2,Forma Blueprint,common,True
Meso H2,Guandao Prime Blade,common,True
Meso H2,Nidus Prime Systems Blueprint,common,True
Meso H3,Hystrix Prime Receiver,rare,True
Meso H3,2X Forma Blueprint,uncommon,True
Meso H3,Astilla Prime Blueprint,uncommon,True
Meso H3,Zakti Prime Receiver,common,True
Meso H3,Burston Prime Receiver,common,True
Meso H3,Octavia Prime Systems Blueprint,common,True
Meso H4,Harrow Prime Systems Blueprint,rare,True
Meso H4,Strun Prime Barrel,uncommon,True
Meso H4,Knell Prime Receiver,uncommon,True
Meso H4,Larkspur Prime Blueprint,common,True
Meso H4,Baruuk Prime Systems Blueprint,common,True
Meso H4,Nagantaka Prime Barrel,common,True
Meso H5,Hildryn Prime Blueprint,rare,True
Meso H5,Gauss Prime Neuroptics Blueprint,uncommon,True
Meso H5,Revenant Prime Systems Blueprint,uncommon,True
Meso H5,Forma Blueprint,common,True
Meso H5,Paris Prime Blueprint,common,True
Meso H5,Fang Prime Handle,common,True
Meso H6,Hystrix Prime Receiver,rare,True
Meso H6,2X Forma Blueprint,uncommon,True
Meso H6,Cobra & Crane Prime Blade,uncommon,True
Meso H6,Paris Prime String,common,True
Meso H6,Baruuk Prime Systems Blueprint,common,True
Meso H6,Revenant Prime Chassis Blueprint,common,True
Meso H7,Hildryn Prime Blueprint,rare,True
Meso H7,2X Forma Blueprint,uncommon,True
Meso H7,Fulmin Prime Blueprint,uncommon,True
Meso H7,Braton Prime Barrel,common,True
Meso H7,Lex Prime Blueprint,common,True
Meso H7,Baruuk Prime Systems Blueprint,common,True
Meso H8,Hystrix Prime Receiver,rare,True
Meso H8,Corvas Prime Blueprint,uncommon,True
Meso H8,Dual Keres Prime Handle,uncommon,True
Meso H8,Nagantaka Prime Barrel,common,True
Meso H8,Lex Prime Receiver,common,True
Meso H8,Forma Blueprint,common,True
Meso I1,Inaros Prime Neuroptics Blueprint,rare,True
Meso I1,Orthos Prime Blade,uncommon,True
Meso I1,Atlas Prime Systems Blueprint,uncommon,True
Meso I1,Corinth Prime Blueprint,common,True
Meso I1,Paris Prime Upper Limb,common,True
Meso I1,Titania Prime Chassis Blueprint,common,True
Meso I2,Inaros Prime Neuroptics Blueprint,rare,True
Meso I2,Guandao Prime Blueprint,uncommon,True
Meso I2,Astilla Prime Blueprint,uncommon,True
Meso I2,Karyst Prime Blueprint,common,True
Meso I2,Burston Prime Blueprint,common,True
Meso I2,Forma Blueprint,common,True
Meso I3,Ivara Prime Chassis Blueprint,rare,
Meso I3,Baza Prime Blueprint,uncommon,
Meso I3,Protea Prime Systems Blueprint,uncommon,
Meso I3,Aksomati Prime Blueprint,common,
Meso I3,Burston Prime Blueprint,common,
Meso I3,Forma Blueprint,common,
Meso K1,Kogake Prime Gauntlet,rare,True
Meso K1,Akstiletto Prime Barrel,uncommon,True
Meso K1,Tigris Prime Receiver,uncommon,True
Meso K1,Nekros Prime Chassis Blueprint,common,True
Meso K1,Orthos Prime Handle,common,True
Meso K1,Cernos Prime Upper Limb,common,True
Meso K2,Kronen Prime Blade,rare,True
Meso K2,Wukong Prime Systems Blueprint,uncommon,True
Meso K2,Chroma Prime Chassis Blueprint,uncommon,True
Meso K2,Mirage Prime Chassis Blueprint,common,True
Meso K2,Paris Prime String,common,True
Meso K2,Orthos Prime Handle,common,True
Meso K3,Karyst Prime Blade,rare,True
Meso K3,2X Forma Blueprint,uncommon,True
Meso K3,Wukong Prime Chassis Blueprint,uncommon,True
Meso K3,Ninkondi Prime Blueprint,common,True
Meso K3,Orthos Prime Handle,common,True
Meso K3,Braton Prime Stock,common,True
Meso K4,Khora Prime Blueprint,rare,True
Meso K4,2X Forma Blueprint,uncommon,True
Meso K4,Knell Prime Receiver,uncommon,True
Meso K4,Phantasma Prime Receiver,common,True
Meso K4,Garuda Prime Blueprint,common,True
Meso K4,Nagantaka Prime Barrel,common,True
Meso K5,Knell Prime Barrel,rare,True
Meso K5,Revenant Prime Systems Blueprint,uncommon,True
Meso K5,Cobra & Crane Prime Blueprint,uncommon,True
Meso K5,Fang Prime Blueprint,common,True
Meso K5,Gara Prime Systems Blueprint,common,True
Meso K5,Forma Blueprint,common,True
Meso K6,Knell Prime Receiver,rare,True
Meso K6,Wisp Prime Neuroptics Blueprint,uncommon,True
Meso K6,Orthos Prime Blade,uncommon,True
Meso K6,Forma Blueprint,common,True
Meso K6,Larkspur Prime Blueprint,common,True
Meso K6,Hystrix Prime Barrel,common,True
Meso K7,Kompressa Prime Barrel,rare,True
Meso K7,2X Forma Blueprint,uncommon,True
Meso K7,Acceltra Prime Receiver,uncommon,True
Meso K7,Epitaph Prime Blueprint,common,True
Meso K7,Masseter Prime Handle,common,True
Meso K7,Protea Prime Blueprint,common,True
Meso K8,Kestrel Prime Grip,rare,False
Meso K8,Alternox Prime Barrel,uncommon,False
Meso K8,2X Forma Blueprint,uncommon,False
Meso K8,Xaku Prime Neuroptics Blueprint,common,False
Meso K8,Burston Prime Blueprint,common,False
Meso K8,Lex Prime Barrel,common,False
Meso K9,Kestrel Prime Grip,rare,
Meso K9,Caliban Prime Blueprint,uncommon,
Meso K9,Perigale Prime Receiver,uncommon,
Meso K9,Athodai Prime Blueprint,common,
Meso K9,Fang Prime Blueprint,common,
Meso K9,Yareli Prime Chassis Blueprint,common,
Meso L1,Limbo Prime Chassis Blueprint,rare,True
Meso L1,Chroma Prime Chassis Blueprint,uncommon,True
Meso L1,Dethcube Prime Carapace,uncommon,True
Meso L1,Tipedo Prime Blueprint,common,True
Meso L1,Burston Prime Receiver,common,True
Meso L1,Ninkondi Prime Blueprint,common,True
Meso L2,Limbo Prime Chassis Blueprint,rare,True
Meso L2,Akjagara Prime Receiver,uncommon,True
Meso L2,Vasto Prime Blueprint,uncommon,True
Meso L2,Mesa Prime Chassis Blueprint,common,True
Meso L2,Lex Prime Barrel,common,True
Meso L2,Forma Blueprint,common,True
Meso L3,Lavos Prime Systems Blueprint,rare,True
Meso L3,Okina Prime Handle,uncommon,True
Meso L3,Acceltra Prime Receiver,uncommon,True
Meso L3,Paris Prime Upper Limb,common,True
Meso L3,Forma Blueprint,common,True
Meso L3,Sevagoth Prime Neuroptics Blueprint,common,True
Meso L4,Lavos Prime Systems Blueprint,rare,True
Meso L4,Bronco Prime Barrel,uncommon,True
Meso L4,Quassus Prime Blueprint,uncommon,True
Meso L4,Perigale Prime Blueprint,common,True
Meso L4,Sevagoth Prime Neuroptics Blueprint,common,True
Meso L4,Burston Prime Stock,common,True
Meso L5,Lavos Prime Systems Blueprint,rare,False
Meso L5,Trumna Prime Stock,uncommon,False
Meso L5,Vadarya Prime Receiver,uncommon,False
Meso L5,Athodai Prime Blueprint,common,False
Meso L5,Paris Prime Lower Limb,common,False
Meso L5,Forma Blueprint,common,False
Meso M1,Mag Prime Blueprint,rare,True
Meso M1,Boar Prime Barrel,uncommon,True
Meso M1,Rhino Prime Chassis Blueprint,uncommon,True
Meso M1,Dakra Prime Handle,common,True
Meso M1,Boltor Prime Barrel,common,True
Meso M1,Ankyros Prime Gauntlet,common,True
Meso M2,Mirage Prime Blueprint,rare,True
Meso M2,Akjagara Prime Link,uncommon,True
Meso M2,Silva & Aegis Prime Blade,uncommon,True
Meso M2,Fang Prime Blade,common,True
Meso M2,Paris Prime String,common,True
Meso M2,Kogake Prime Boot,common,True
Meso M3,Mirage Prime Blueprint,rare,True
Meso M3,Equinox Prime Neuroptics Blueprint,uncommon,True
Meso M3,Kogake Prime Blueprint,uncommon,True
Meso M3,Ballistica Prime Lower Limb,common,True
Meso M3,Gram Prime Blade,common,True
Meso M3,Paris Prime String,common,True
Meso M4,Masseter Prime Blade,rare,True
Meso M4,Fang Prime Handle,uncommon,True
Meso M4,2X Forma Blueprint,uncommon,True
Meso M4,Lex Prime Blueprint,common,True
Meso M4,Larkspur Prime Blueprint,common,True
Meso M4,Dual Keres Prime Blade,common,True
Meso M5,Magnus Prime Barrel,rare,True
Meso M5,Spira Prime Blade,uncommon,True
Meso M5,Strun Prime Stock,uncommon,True
Meso M5,Saryn Prime Systems Blueprint,common,True
Meso M5,Braton Prime Stock,common,True
Meso M5,Forma Blueprint,common,True
Meso N1,Fang Prime Handle,common,True
Meso N1,Braton Prime Stock,common,True
Meso N1,Fang Prime Blueprint,common,True
Meso N1,2X Forma Blueprint,uncommon,True
Meso N1,Nyx Prime Neuroptics Blueprint,rare,True
Meso N1,Dual Kamas Prime Handle,uncommon,True
Meso N10,Ninkondi Prime Handle,rare,True
Meso N10,Bronco Prime Barrel,uncommon,True
Meso N10,Panthera Prime Stock,uncommon,True
Meso N10,Ivara Prime Neuroptics Blueprint,common,True
Meso N10,Tipedo Prime Blueprint,common,True
Meso N10,Pangolin Prime Handle,common,True
Meso N11,Nyx Prime Neuroptics Blueprint,rare,False
Meso N11,Valkyr Prime Neuroptics Blueprint,uncommon,False
Meso N11,2X Forma Blueprint,uncommon,False
Meso N11,Cernos Prime Upper Limb,common,False
Meso N11,Scindo Prime Handle,common,False
Meso N11,Lex Prime Barrel,common,False
Meso N12,Nagantaka Prime Blueprint,rare,True
Meso N12,Inaros Prime Blueprint,uncommon,True
Meso N12,Nidus Prime Blueprint,uncommon,True
Meso N12,Paris Prime String,common,True
Meso N12,Zakti Prime Receiver,common,True
Meso N12,Knell Prime Blueprint,common,True
Meso N13,Nidus Prime Chassis Blueprint,rare,True
Meso N13,Astilla Prime Stock,uncommon,True
Meso N13,Garuda Prime Chassis Blueprint,uncommon,True
Meso N13,Revenant Prime Chassis Blueprint,common,True
Meso N13,Braton Prime Receiver,common,True
Meso N13,Harrow Prime Chassis Blueprint,common,True
Meso N14,Nidus Prime Chassis Blueprint,rare,True
Meso N14,Shade Prime Blueprint,uncommon,True
Meso N14,Cobra & Crane Prime Blade,uncommon,True
Meso N14,Phantasma Prime Receiver,common,True
Meso N14,Braton Prime Barrel,common,True
Meso N14,Lex Prime Receiver,common,True
Meso N15,Nezha Prime Chassis Blueprint,rare,True
Meso N15,Octavia Prime Chassis Blueprint,uncommon,True
Meso N15,Lex Prime Blueprint,uncommon,True
Meso N15,Pandero Prime Blueprint,common,True
Meso N15,Zakti Prime Receiver,common,True
Meso N15,Forma Blueprint,common,True
Meso N16,Nekros Prime Systems Blueprint,rare,True
Meso N16,Tigris Prime Barrel,uncommon,True
Meso N16,Fang Prime Handle,uncommon,True
Meso N16,Scourge Prime Blade,common,True
Meso N16,Vasto Prime Receiver,common,True
Meso N16,Forma Blueprint,common,True
Meso N17,Nautilus Prime Blueprint,rare,True
Meso N17,Akarius Prime Link,uncommon,True
Meso N17,Velox Prime Blueprint,uncommon,True
Meso N17,Forma Blueprint,common,True
Meso N17,Acceltra Prime Blueprint,common,True
Meso N17,Masseter Prime Handle,common,True
Meso N2,Ash Prime Neuroptics Blueprint,uncommon,True
Meso N2,Vauban Prime Neuroptics Blueprint,rare,True
Meso N2,Hikou Prime Blueprint,common,True
Meso N2,Bronco Prime Blueprint,common,True
Meso N2,2X Forma Blueprint,uncommon,True
Meso N2,Fang Prime Handle,common,True
Meso N3,Nekros Prime Blueprint,rare,True
Meso N3,Euphona Prime Barrel,uncommon,True
Meso N3,Carrier Prime Cerebrum,uncommon,True
Meso N3,Burston Prime Stock,common,True
Meso N3,Bronco Prime Blueprint,common,True
Meso N3,Braton Prime Barrel,common,True
Meso N4,Nikana Prime Blade,rare,True
Meso N4,2X Forma Blueprint,uncommon,True
Meso N4,Oberon Prime Blueprint,uncommon,True
Meso N4,Paris Prime Upper Limb,common,True
Meso N4,Saryn Prime Systems Blueprint,common,True
Meso N4,Orthos Prime Handle,common,True
Meso N5,Nekros Prime Systems Blueprint,rare,True
Meso N5,Hydroid Prime Blueprint,uncommon,True
Meso N5,Tigris Prime Receiver,uncommon,True
Meso N5,Braton Prime Stock,common,True
Meso N5,Forma Blueprint,common,True
Meso N5,Lex Prime Receiver,common,True
Meso N6,Nyx Prime Neuroptics Blueprint,rare,True
Meso N6,Scindo Prime Handle,uncommon,True
Meso N6,Rhino Prime Chassis Blueprint,uncommon,True
Meso N6,Forma Blueprint,common,True
Meso N6,Boltor Prime Barrel,common,True
Meso N6,Hikou Prime Pouch,common,True
Meso N7,Ninkondi Prime Handle,rare,True
Meso N7,Gram Prime Blueprint,uncommon,True
Meso N7,2X Forma Blueprint,uncommon,True
Meso N7,Limbo Prime Systems Blueprint,common,True
Meso N7,Pyrana Prime Barrel,common,True
Meso N7,Kronen Prime Blueprint,common,True
Meso N8,Nikana Prime Hilt,rare,True
Meso N8,Valkyr Prime Neuroptics Blueprint,uncommon,True
Meso N8,Cernos Prime String,uncommon,True
Meso N8,Valkyr Prime Blueprint,common,True
Meso N8,Forma Blueprint,common,True
Meso N8,Cernos Prime Upper Limb,common,True
Meso N9,Ninkondi Prime Handle,rare,True
Meso N9,Ivara Prime Blueprint,uncommon,True
Meso N9,Akjagara Prime Link,uncommon,True
Meso N9,Tekko Prime Gauntlet,common,True
Meso N9,Forma Blueprint,common,True
Meso N9,Paris Prime String,common,True
Meso O1,Oberon Prime Neuroptics Blueprint,rare,True
Meso O1,Akstiletto Prime Link,uncommon,True
Meso O1,Cernos Prime String,uncommon,True
Meso O1,Forma Blueprint,common,True
Meso O1,Akbronco Prime Blueprint,common,True
Meso O1,Paris Prime Lower Limb,common,True
Meso O2,Oberon Prime Neuroptics Blueprint,rare,True
Meso O2,Akbronco Prime Link,uncommon,True
Meso O2,Mirage Prime Systems Blueprint,uncommon,True
Meso O2,Paris Prime Lower Limb,common,True
Meso O2,Cernos Prime Upper Limb,common,True
Meso O2,Tiberon Prime Receiver,common,True
Meso O3,Odonata Prime Wings Blueprint,rare,True
Meso O3,Volt Prime Chassis Blueprint,uncommon,True
Meso O3,Wyrm Prime Systems,uncommon,True
Meso O3,Forma Blueprint,common,True
Meso O3,Loki Prime Neuroptics Blueprint,common,True
Meso O3,Odonata Prime Systems Blueprint,common,True
Meso O4,Oberon Prime Neuroptics Blueprint,rare,True
Meso O4,Nekros Prime Neuroptics Blueprint,uncommon,True
Meso O4,Galatine Prime Handle,uncommon,True
Meso O4,Silva & Aegis Prime Hilt,common,True
Meso O4,Forma Blueprint,common,True
Meso O4,Fang Prime Blueprint,common,True
Meso O5,Octavia Prime Blueprint,rare,True
Meso O5,Gara Prime Neuroptics Blueprint,uncommon,True
Meso O5,Nagantaka Prime Receiver,uncommon,True
Meso O5,Harrow Prime Chassis Blueprint,common,True
Meso O5,Forma Blueprint,common,True
Meso O5,Burston Prime Stock,common,True
Meso O6,Oberon Prime Neuroptics Blueprint,rare,True
Meso O6,Silva & Aegis Prime Blade,uncommon,True
Meso O6,Lex Prime Blueprint,uncommon,True
Meso O6,Ivara Prime Neuroptics Blueprint,common,True
Meso O6,Sybaris Prime Blueprint,common,True
Meso O6,Braton Prime Barrel,common,True
Meso P1,Pyrana Prime Blueprint,rare,True
Meso P1,Silva & Aegis Prime Blueprint,uncommon,True
Meso P1,Ballistica Prime Receiver,uncommon,True
Meso P1,Oberon Prime Chassis Blueprint,common,True
Meso P1,Chroma Prime Blueprint,common,True
Meso P1,Bronco Prime Receiver,common,True
Meso P10,Phantasma Prime Barrel,rare,True
Meso P10,Paris Prime Upper Limb,uncommon,True
Meso P10,Harrow Prime Neuroptics Blueprint,uncommon,True
Meso P10,Braton Prime Barrel,common,True
Meso P10,Forma Blueprint,common,True
Meso P10,Strun Prime Receiver,common,True
Meso P11,Phantasma Prime Stock,rare,True
Meso P11,Hildryn Prime Chassis Blueprint,uncommon,True
Meso P11,Dual Keres Prime Handle,uncommon,True
Meso P11,Bronco Prime Blueprint,common,True
Meso P11,Forma Blueprint,common,True
Meso P11,Harrow Prime Chassis Blueprint,common,True
Meso P12,Panthera Prime Barrel,rare,True
Meso P12,Ash Prime Neuroptics Blueprint,uncommon,True
Meso P12,Burston Prime Barrel,uncommon,True
Meso P12,Vectis Prime Barrel,common,True
Meso P12,Carrier Prime Blueprint,common,True
Meso P12,Forma Blueprint,common,True
Meso P13,Phantasma Prime Barrel,rare,True
Meso P13,Akbronco Prime Link,uncommon,True
Meso P13,Garuda Prime Chassis Blueprint,uncommon,True
Meso P13,Fulmin Prime Barrel,common,True
Meso P13,Braton Prime Stock,common,True
Meso P13,Lex Prime Barrel,common,True
Meso P14,Phantasma Prime Stock,rare,True
Meso P14,Hildryn Prime Neuroptics Blueprint,uncommon,True
Meso P14,Shade Prime Systems,uncommon,True
Meso P14,Lex Prime Barrel,common,True
Meso P14,Garuda Prime Blueprint,common,True
Meso P14,Baruuk Prime Systems Blueprint,common,True
Meso P15,Protea Prime Systems Blueprint,rare,True
Meso P15,2X Forma Blueprint,uncommon,True
Meso P15,Gunsen Prime Handle,uncommon,True
Meso P15,Bronco Prime Receiver,common,True
Meso P15,Gauss Prime Chassis Blueprint,common,True
Meso P15,Zylok Prime Barrel,common,True
Meso P16,Protea Prime Systems Blueprint,rare,True
Meso P16,Daikyu Prime Upper Limb,uncommon,True
Meso P16,Akarius Prime Link,uncommon,True
Meso P16,Trumna Prime Blueprint,common,True
Meso P16,Forma Blueprint,common,True
Meso P16,Braton Prime Stock,common,True
Meso P17,Protea Prime Chassis Blueprint,rare,True
Meso P17,Kestrel Prime Blueprint,uncommon,True
Meso P17,Yareli Prime Blueprint,uncommon,True
Meso P17,Venato Prime Handle,common,True
Meso P17,Akbronco Prime Blueprint,common,True
Meso P17,Fang Prime Blade,common,True
Meso P2,Panthera Prime Receiver,rare,True
Meso P2,Zhuge Prime Blueprint,uncommon,True
Meso P2,Ivara Prime Systems Blueprint,uncommon,True
Meso P2,Braton Prime Receiver,common,True
Meso P2,Forma Blueprint,common,True
Meso P2,Baza Prime Receiver,common,True
Meso P3,Pangolin Prime Blueprint,rare,True
Meso P3,Mesa Prime Blueprint,uncommon,True
Meso P3,2X Forma Blueprint,uncommon,True
Meso P3,Karyst Prime Blueprint,common,True
Meso P3,Lex Prime Blueprint,common,True
Meso P3,Zhuge Prime Grip,common,True
Meso P4,Panthera Prime Barrel,rare,True
Meso P4,Corinth Prime Receiver,uncommon,True
Meso P4,Titania Prime Neuroptics Blueprint,uncommon,True
Meso P4,Braton Prime Barrel,common,True
Meso P4,Forma Blueprint,common,True
Meso P4,Burston Prime Blueprint,common,True
Meso P5,Panthera Prime Receiver,rare,True
Meso P5,Gara Prime Neuroptics Blueprint,uncommon,True
Meso P5,2X Forma Blueprint,uncommon,True
Meso P5,Orthos Prime Handle,common,True
Meso P5,Zakti Prime Receiver,common,True
Meso P5,Tenora Prime Blueprint,common,True
Meso P6,Pyrana Prime Blueprint,rare,True
Meso P6,Kavasa Prime Kubrow Collar Blueprint,uncommon,True
Meso P6,Trinity Prime Blueprint,uncommon,True
Meso P6,Destreza Prime Handle,common,True
Meso P6,Braton Prime Blueprint,common,True
Meso P6,Forma Blueprint,common,True
Meso P7,Panthera Prime Barrel,rare,True
Meso P7,Garuda Prime Chassis Blueprint,uncommon,True
Meso P7,Guandao Prime Blueprint,uncommon,True
Meso P7,Nezha Prime Systems Blueprint,common,True
Meso P7,Forma Blueprint,common,True
Meso P7,Burston Prime Receiver,common,True
Meso P8,Pandero Prime Receiver,rare,True
Meso P8,Nidus Prime Blueprint,uncommon,True
Meso P8,Zakti Prime Barrel,uncommon,True
Meso P8,Khora Prime Systems Blueprint,common,True
Meso P8,Garuda Prime Blueprint,common,True
Meso P8,Fang Prime Blueprint,common,True
Meso P9,Pandero Prime Receiver,rare,True
Meso P9,Revenant Prime Systems Blueprint,uncommon,True
Meso P9,Nagantaka Prime Receiver,uncommon,True
Meso P9,Paris Prime Lower Limb,common,True
Meso P9,Nidus Prime Systems Blueprint,common,True
Meso P9,Khora Prime Systems Blueprint,common,True
Meso R1,Rubico Prime Blueprint,rare,True
Meso R1,Akbronco Prime Link,uncommon,True
Meso R1,Ballistica Prime String,uncommon,True
Meso R1,Tiberon Prime Receiver,common,True
Meso R1,Paris Prime Upper Limb,common,True
Meso R1,Braton Prime Blueprint,common,True
Meso R2,Rubico Prime Blueprint,rare,True
Meso R2,Mesa Prime Blueprint,uncommon,True
Meso R2,Destreza Prime Blueprint,uncommon,True
Meso R2,Aksomati Prime Blueprint,common,True
Meso R2,Fang Prime Blueprint,common,True
Meso R2,Forma Blueprint,common,True
Meso R3,Rubico Prime Blueprint,rare,True
Meso R3,Dethcube Prime Carapace,uncommon,True
Meso R3,Bronco Prime Barrel,uncommon,True
Meso R3,Pangolin Prime Handle,common,True
Meso R3,Akjagara Prime Blueprint,common,True
Meso R3,Zhuge Prime Grip,common,True
Meso R4,Rubico Prime Blueprint,rare,True
Meso R4,Chroma Prime Systems Blueprint,uncommon,True
Meso R4,2X Forma Blueprint,uncommon,True
Meso R4,Gram Prime Blade,common,True
Meso R4,Zephyr Prime Chassis Blueprint,common,True
Meso R4,Braton Prime Barrel,common,True
Meso R5,Revenant Prime Blueprint,rare,True
Meso R5,Nidus Prime Blueprint,uncommon,True
Meso R5,Astilla Prime Blueprint,uncommon,True
Meso R5,Hystrix Prime Barrel,common,True
Meso R5,Baruuk Prime Systems Blueprint,common,True
Meso R5,Forma Blueprint,common,True
Meso R6,Revenant Prime Blueprint,rare,True
Meso R6,Cobra & Crane Prime Blade,uncommon,True
Meso R6,Orthos Prime Blueprint,uncommon,True
Meso R6,Afuris Prime Barrel,common,True
Meso R6,Braton Prime Stock,common,True
Meso R6,Forma Blueprint,common,True
Meso S1,Soma Prime Stock,rare,True
Meso S1,Paris Prime Upper Limb,uncommon,True
Meso S1,Odonata Prime Blueprint,uncommon,True
Meso S1,Nova Prime Systems Blueprint,common,True
Meso S1,Paris Prime Blueprint,common,True
Meso S1,Tigris Prime Stock,common,True
Meso S10,Strun Prime Blueprint,rare,True
Meso S10,Aksomati Prime Barrel,uncommon,True
Meso S10,Titania Prime Blueprint,uncommon,True
Meso S10,Corinth Prime Blueprint,common,True
Meso S10,Paris Prime String,common,True
Meso S10,Forma Blueprint,common,True
Meso S11,Scourge Prime Barrel,rare,True
Meso S11,Octavia Prime Chassis Blueprint,uncommon,True
Meso S11,Strun Prime Stock,uncommon,True
Meso S11,Lex Prime Barrel,common,True
Meso S11,Pangolin Prime Handle,common,True
Meso S11,Paris Prime Blueprint,common,True
Meso S12,Scourge Prime Barrel,rare,True
Meso S12,2X Forma Blueprint,uncommon,True
Meso S12,Braton Prime Stock,uncommon,True
Meso S12,Tatsu Prime Blueprint,common,True
Meso S12,Garuda Prime Blueprint,common,True
Meso S12,Bronco Prime Receiver,common,True
Meso S13,Scourge Prime Barrel,rare,True
Meso S13,Tigris Prime Receiver,uncommon,True
Meso S13,Burston Prime Barrel,uncommon,True
Meso S13,Knell Prime Blueprint,common,True
Meso S13,Lex Prime Barrel,common,True
Meso S13,Forma Blueprint,common,True
Meso S14,Sicarus Prime Receiver,rare,True
Meso S14,Rhino Prime Neuroptics Blueprint,uncommon,True
Meso S14,Ember Prime Neuroptics Blueprint,uncommon,True
Meso S14,Burston Prime Stock,common,True
Meso S14,Ankyros Prime Gauntlet,common,True
Meso S14,Forma Blueprint,common,True
Meso S15,Spira Prime Pouch,rare,True
Meso S15,Nikana Prime Blade,uncommon,True
Meso S15,Paris Prime Grip,uncommon,True
Meso S15,Magnus Prime Blueprint,common,True
Meso S15,Braton Prime Barrel,common,True
Meso S15,Forma Blueprint,common,True
Meso S2,Saryn Prime Chassis Blueprint,rare,True
Meso S2,Paris Prime Grip,uncommon,True
Meso S2,2X Forma Blueprint,uncommon,True
Meso S2,Paris Prime String,common,True
Meso S2,Bronco Prime Blueprint,common,True
Meso S2,Galatine Prime Blade,common,True
Meso S3,Spira Prime Pouch,rare,True
Meso S3,Ash Prime Blueprint,uncommon,True
Meso S3,2X Forma Blueprint,uncommon,True
Meso S3,Valkyr Prime Blueprint,common,True
Meso S3,Nekros Prime Chassis Blueprint,common,True
Meso S3,Akbronco Prime Blueprint,common,True
Meso S4,Saryn Prime Blueprint,rare,True
Meso S4,Fang Prime Handle,uncommon,True
Meso S4,Trinity Prime Blueprint,uncommon,True
Meso S4,Fang Prime Blueprint,common,True
Meso S4,Banshee Prime Neuroptics Blueprint,common,True
Meso S4,Galatine Prime Blade,common,True
Meso S5,Sybaris Prime Barrel,rare,True
Meso S5,2X Forma Blueprint,uncommon,True
Meso S5,Saryn Prime Neuroptics Blueprint,uncommon,True
Meso S5,Burston Prime Stock,common,True
Meso S5,Braton Prime Barrel,common,True
Meso S5,Lex Prime Barrel,common,True
Meso S6,Spira Prime Blade,rare,True
Meso S6,Cernos Prime String,uncommon,True
Meso S6,Tigris Prime Receiver,uncommon,True
Meso S6,Galatine Prime Blade,common,True
Meso S6,Helios Prime Carapace,common,True
Meso S6,Valkyr Prime Blueprint,common,True
Meso S7,Sybaris Prime Barrel,rare,True
Meso S7,Paris Prime Grip,uncommon,True
Meso S7,Nami Skyla Prime Handle,uncommon,True
Meso S7,Forma Blueprint,common,True
Meso S7,Cernos Prime Upper Limb,common,True
Meso S7,Venka Prime Blades,common,True
Meso S8,Sybaris Prime Barrel,rare,True
Meso S8,Ballistica Prime Upper Limb,uncommon,True
Meso S8,Burston Prime Barrel,uncommon,True
Meso S8,Gram Prime Blade,common,True
Meso S8,Forma Blueprint,common,True
Meso S8,Bronco Prime Receiver,common,True
Meso S9,Spira Prime Pouch,rare,True
Meso S9,Saryn Prime Neuroptics Blueprint,uncommon,True
Meso S9,2X Forma Blueprint,uncommon,True
Meso S9,Spira Prime Blueprint,common,True
Meso S9,Braton Prime Blueprint,common,True
Meso S9,Lex Prime Barrel,common,True
Meso T1,Tiberon Prime Barrel,rare,True
Meso T1,Paris Prime Upper Limb,uncommon,True
Meso T1,2X Forma Blueprint,uncommon,True
Meso T1,Fang Prime Blueprint,common,True
Meso T1,Braton Prime Stock,common,True
Meso T1,Burston Prime Receiver,common,True
Meso T2,Tiberon Prime Stock,rare,True
Meso T2,Tigris Prime Receiver,uncommon,True
Meso T2,Banshee Prime Blueprint,uncommon,True
Meso T2,Lex Prime Barrel,common,True
Meso T2,Paris Prime Lower Limb,common,True
Meso T2,Forma Blueprint,common,True
Meso T3,Tiberon Prime Stock,rare,True
Meso T3,Chroma Prime Chassis Blueprint,uncommon,True
Meso T3,Limbo Prime Blueprint,uncommon,True
Meso T3,Lex Prime Barrel,common,True
Meso T3,Forma Blueprint,common,True
Meso T3,Paris Prime Lower Limb,common,True
Meso T4,Tenora Prime Receiver,rare,True
Meso T4,Wukong Prime Systems Blueprint,uncommon,True
Meso T4,Paris Prime Grip,uncommon,True
Meso T4,Zhuge Prime Grip,common,True
Meso T4,Ninkondi Prime Blueprint,common,True
Meso T4,Forma Blueprint,common,True
Meso T5,Tenora Prime Barrel,rare,True
Meso T5,Panthera Prime Stock,uncommon,True
Meso T5,Astilla Prime Stock,uncommon,True
Meso T5,Paris Prime Upper Limb,common,True
Meso T5,Tekko Prime Gauntlet,common,True
Meso T5,Forma Blueprint,common,True
Meso T6,Tekko Prime Blade,rare,True
Meso T6,Akstiletto Prime Receiver,uncommon,True
Meso T6,Vauban Prime Chassis Blueprint,uncommon,True
Meso T6,Dethcube Prime Systems,common,True
Meso T6,Forma Blueprint,common,True
Meso T6,Fang Prime Blueprint,common,True
Meso T7,Trumna Prime Barrel,rare,True
Meso T7,Gauss Prime Neuroptics Blueprint,uncommon,True
Meso T7,Akarius Prime Link,uncommon,True
Meso T7,Okina Prime Blade,common,True
Meso T7,Wisp Prime Systems Blueprint,common,True
Meso T7,Burston Prime Stock,common,True
Meso T8,Trumna Prime Barrel,rare,True
Meso T8,Protea Prime Neuroptics Blueprint,uncommon,True
Meso T8,Akarius Prime Link,uncommon,True
Meso T8,Burston Prime Stock,common,True
Meso T8,Xaku Prime Neuroptics Blueprint,common,True
Meso T8,Lex Prime Receiver,common,True
Meso V1,Burston Prime Blueprint,common,True
Meso V1,Braton Prime Blueprint,uncommon,True
Meso V1,Spira Prime Blueprint,common,True
Meso V1,Carrier Prime Blueprint,common,True
Meso V1,Vectis Prime Receiver,rare,True
Meso V1,2X Forma Blueprint,uncommon,True
Meso V10,Velox Prime Barrel,rare,True
Meso V10,Paris Prime Upper Limb,uncommon,True
Meso V10,Fulmin Prime Stock,uncommon,True
Meso V10,Forma Blueprint,common,True
Meso V10,Protea Prime Blueprint,common,True
Meso V10,Acceltra Prime Blueprint,common,True
Meso V11,Velox Prime Barrel,rare,True
Meso V11,Caliban Prime Blueprint,uncommon,True
Meso V11,Nautilus Prime Systems,uncommon,True
Meso V11,Xaku Prime Neuroptics Blueprint,common,True
Meso V11,Fang Prime Blade,common,True
Meso V11,Braton Prime Blueprint,common,True
Meso V12,Vadarya Prime Blueprint,rare,True
Meso V12,Bronco Prime Barrel,uncommon,True
Meso V12,Sevagoth Prime Blueprint,uncommon,True
Meso V12,Velox Prime Receiver,common,True
Meso V12,Quassus Prime Handle,common,True
Meso V12,Forma Blueprint,common,True
Meso V13,Venato Prime Blade,rare,False
Meso V13,Burston Prime Barrel,uncommon,False
Meso V13,Caliban Prime Blueprint,uncommon,False
Meso V13,Braton Prime Blueprint,common,False
Meso V13,Forma Blueprint,common,False
Meso V13,Bronco Prime Receiver,common,False
Meso V14,Velox Prime Barrel,rare,True
Meso V14,Trumna Prime Stock,uncommon,True
Meso V14,2X Forma Blueprint,uncommon,True
Meso V14,Gyre Prime Systems Blueprint,common,True
Meso V14,Orthos Prime Handle,common,True
Meso V14,Protea Prime Blueprint,common,True
Meso V15,Vadarya Prime Blueprint,rare,False
Meso V15,2X Forma Blueprint,uncommon,False
Meso V15,Caliban Prime Blueprint,uncommon,False
Meso V15,Trumna Prime Blueprint,common,False
Meso V15,Caliban Prime Chassis Blueprint,common,False
Meso V15,Venato Prime Handle,common,False
Meso V16,Velox Prime Barrel,rare,
Meso V16,Ivara Prime Systems Blueprint,uncommon,
Meso V16,Okina Prime Handle,uncommon,
Meso V16,Baza Prime Receiver,common,
Meso V16,Burston Prime Stock,common,
Meso V16,Forma Blueprint,common,
Meso V17,Voruna Prime Systems Blueprint,rare,
Meso V17,Paris Prime Grip,uncommon,
Meso V17,Lavos Prime Blueprint,uncommon,
Meso V17,Corufell Prime Blueprint,common,
Meso V17,Akbronco Prime Blueprint,common,
Meso V17,Forma Blueprint,common,
Meso V2,Vasto Prime Receiver,common,True
Meso V2,Paris Prime Blueprint,common,True
Meso V2,Ash Prime Chassis Blueprint,common,True
Meso V2,Nikana Prime Blade,rare,True
Meso V2,2X Forma Blueprint,uncommon,True
Meso V2,Volt Prime Chassis Blueprint,uncommon,True
Meso V3,Valkyr Prime Systems Blueprint,rare,True
Meso V3,Kavasa Prime Band,uncommon,True
Meso V3,Volt Prime Chassis Blueprint,uncommon,True
Meso V3,Carrier Prime Blueprint,common,True
Meso V3,Forma Blueprint,common,True
Meso V3,Spira Prime Blueprint,common,True
Meso V4,Vauban Prime Chassis Blueprint,rare,True
Meso V4,Valkyr Prime Neuroptics Blueprint,uncommon,True
Meso V4,Ash Prime Neuroptics Blueprint,uncommon,True
Meso V4,Carrier Prime Blueprint,common,True
Meso V4,Lex Prime Barrel,common,True
Meso V4,Forma Blueprint,common,True
Meso V5,Venka Prime Gauntlet,rare,True
Meso V5,Euphona Prime Barrel,uncommon,True
Meso V5,Silva & Aegis Prime Blueprint,uncommon,True
Meso V5,Bronco Prime Blueprint,common,True
Meso V5,Cernos Prime Grip,common,True
Meso V5,Spira Prime Blueprint,common,True
Meso V6,Vectis Prime Receiver,rare,True
Meso V6,Vauban Prime Blueprint,uncommon,True
Meso V6,Carrier Prime Cerebrum,uncommon,True
Meso V6,Akstiletto Prime Barrel,common,True
Meso V6,Forma Blueprint,common,True
Meso V6,Braton Prime Barrel,common,True
Meso V7,Volnus Prime Handle,rare,True
Meso V7,Dual Keres Prime Handle,uncommon,True
Meso V7,Fang Prime Handle,uncommon,True
Meso V7,Knell Prime Blueprint,common,True
Meso V7,Forma Blueprint,common,True
Meso V7,Scourge Prime Blade,common,True
Meso V8,Vauban Prime Neuroptics Blueprint,rare,True
Meso V8,Tekko Prime Blueprint,uncommon,True
Meso V8,Vasto Prime Blueprint,uncommon,True
Meso V8,Fragor Prime Head,common,True
Meso V8,Forma Blueprint,common,True
Meso V8,Fang Prime Blade,common,True
Meso V9,Velox Prime Barrel,rare,True
Meso V9,Afuris Prime Link,uncommon,True
Meso V9,Baruuk Prime Chassis Blueprint,uncommon,True
Meso V9,Fang Prime Blueprint,common,True
Meso V9,Fulmin Prime Barrel,common,True
Meso V9,Forma Blueprint,common,True
Meso W1,Wukong Prime Blueprint,rare,True
Meso W1,Fang Prime Handle,uncommon,True
Meso W1,Zephyr Prime Chassis Blueprint,uncommon,True
Meso W1,Tekko Prime Gauntlet,common,True
Meso W1,Tipedo Prime Blueprint,common,True
Meso W1,Zhuge Prime String,common,True
Meso W2,Wukong Prime Blueprint,rare,True
Meso W2,Zhuge Prime Receiver,uncommon,True
Meso W2,Fang Prime Handle,uncommon,True
Meso W2,Stradavar Prime Receiver,common,True
Meso W2,Tipedo Prime Blueprint,common,True
Meso W2,Burston Prime Stock,common,True
Meso W3,Wisp Prime Blueprint,rare,True
Meso W3,Orthos Prime Blade,uncommon,True
Meso W3,Larkspur Prime Stock,uncommon,True
Meso W3,Forma Blueprint,common,True
Meso W3,Phantasma Prime Receiver,common,True
Meso W3,Hystrix Prime Barrel,common,True
Meso W4,Wisp Prime Blueprint,rare,True
Meso W4,2X Forma Blueprint,uncommon,True
Meso W4,Gunsen Prime Handle,uncommon,True
Meso W4,Protea Prime Blueprint,common,True
Meso W4,Lex Prime Receiver,common,True
Meso W4,Afuris Prime Barrel,common,True
Meso W5,Wisp Prime Chassis Blueprint,rare,True
Meso W5,Cobra & Crane Prime Blade,uncommon,True
Meso W5,Phantasma Prime Blueprint,uncommon,True
Meso W5,Forma Blueprint,common,True
Meso W5,Shade Prime Cerebrum,common,True
Meso W5,Acceltra Prime Blueprint,common,True
Meso X1,Xaku Prime Blueprint,rare,False
Meso X1,Dual Zoren Prime Blueprint,uncommon,False
Meso X1,Paris Prime Grip,uncommon,False
Meso X1,Vadarya Prime Stock,common,False
Meso X1,Yareli Prime Chassis Blueprint,common,False
Meso X1,Braton Prime Receiver,common,False
Meso Y1,Yareli Prime Neuroptics Blueprint,rare,True
Meso Y1,Okina Prime Handle,uncommon,True
Meso Y1,Cedo Prime Barrel,uncommon,True
Meso Y1,Trumna Prime Blueprint,common,True
Meso Y1,Forma Blueprint,common,True
Meso Y1,Caliban Prime Chassis Blueprint,common,True
Meso Y2,Yareli Prime Neuroptics Blueprint,rare,False
Meso Y2,Styanax Prime Chassis Blueprint,uncommon,False
Meso Y2,Daikyu Prime Upper Limb,uncommon,False
Meso Y2,Lex Prime Blueprint,common,False
Meso Y2,Bronco Prime Receiver,common,False
Meso Y2,Gyre Prime Systems Blueprint,common,False
Meso Z1,Zephyr Prime Blueprint,rare,True
Meso Z1,Helios Prime Blueprint,uncommon,True
Meso Z1,Limbo Prime Blueprint,uncommon,True
Meso Z1,Burston Prime Receiver,common,True
Meso Z1,Forma Blueprint,common,True
Meso Z1,Fang Prime Blueprint,common,True
Meso Z2,Zephyr Prime Systems Blueprint,rare,True
Meso Z2,Hydroid Prime Blueprint,uncommon,True
Meso Z2,Rubico Prime Barrel,uncommon,True
Meso Z2,Sybaris Prime Blueprint,common,True
Meso Z2,Redeemer Prime Blade,common,True
Meso Z2,Braton Prime Blueprint,common,True
Meso Z3,Zephyr Prime Systems Blueprint,rare,True
Meso Z3,Akjagara Prime Link,uncommon,True
Meso Z3,Rubico Prime Barrel,uncommon,True
Meso Z3,Chroma Prime Blueprint,common,True
Meso Z3,Forma Blueprint,common,True
Meso Z3,Stradavar Prime Receiver,common,True
Meso Z4,Zakti Prime Blueprint,rare,True
Meso Z4,Tenora Prime Stock,uncommon,True
Meso Z4,Bronco Prime Barrel,uncommon,True
Meso Z4,Volnus Prime Blueprint,common,True
Meso Z4,Titania Prime Chassis Blueprint,common,True
Meso Z4,Forma Blueprint,common,True
Meso Z5,Zakti Prime Blueprint,rare,True
Meso Z5,Guandao Prime Blueprint,uncommon,True
Meso Z5,Tenora Prime Barrel,uncommon,True
Meso Z5,Fang Prime Blade,common,True
Meso Z5,Lex Prime Barrel,common,True
Meso Z5,Forma Blueprint,common,True
Meso Z6,Zylok Prime Blueprint,rare,True
Meso Z6,Gauss Prime Neuroptics Blueprint,uncommon,True
Meso Z6,Bronco Prime Barrel,uncommon,True
Meso Z6,Acceltra Prime Blueprint,common,True
Meso Z6,Paris Prime String,common,True
Meso Z6,Forma Blueprint,common,True
Neo A1,Akstiletto Prime Blueprint,rare,True
Neo A1,Cernos Prime String,uncommon,True
Neo A1,Vectis Prime Blueprint,uncommon,True
Neo A1,Carrier Prime Systems,common,True
Neo A1,Braton Prime Barrel,common,True
Neo A1,Forma Blueprint,common,True
Neo A10,Ash Prime Systems Blueprint,rare,True
Neo A10,Inaros Prime Chassis Blueprint,uncommon,True
Neo A10,Panthera Prime Receiver,uncommon,True
Neo A10,Burston Prime Stock,common,True
Neo A10,Fang Prime Blueprint,common,True
Neo A10,Forma Blueprint,common,True
Neo A11,Akarius Prime Blueprint,rare,True
Neo A11,Burston Prime Barrel,uncommon,True
Neo A11,Braton Prime Receiver,uncommon,True
Neo A11,Forma Blueprint,common,True
Neo A11,Revenant Prime Chassis Blueprint,common,True
Neo A11,Lex Prime Blueprint,common,True
Neo A12,Acceltra Prime Barrel,rare,True
Neo A12,Larkspur Prime Stock,uncommon,True
Neo A12,Revenant Prime Neuroptics Blueprint,uncommon,True
Neo A12,Paris Prime String,common,True
Neo A12,Orthos Prime Handle,common,True
Neo A12,Akarius Prime Barrel,common,True
Neo A13,Acceltra Prime Barrel,rare,True
Neo A13,Sevagoth Prime Blueprint,uncommon,True
Neo A13,Wisp Prime Neuroptics Blueprint,uncommon,True
Neo A13,Forma Blueprint,common,True
Neo A13,Lex Prime Barrel,common,True
Neo A13,Akarius Prime Barrel,common,True
Neo A14,Acceltra Prime Barrel,rare,True
Neo A14,Yareli Prime Blueprint,uncommon,True
Neo A14,2X Forma Blueprint,uncommon,True
Neo A14,Cedo Prime Stock,common,True
Neo A14,Gauss Prime Chassis Blueprint,common,True
Neo A14,Bronco Prime Blueprint,common,True
Neo A15,Acceltra Prime Barrel,rare,True
Neo A15,Vadarya Prime Barrel,uncommon,True
Neo A15,Quassus Prime Blueprint,uncommon,True
Neo A15,Forma Blueprint,common,True
Neo A15,Daikyu Prime String,common,True
Neo A15,Gauss Prime Blueprint,common,True
Neo A16,Athodai Prime Barrel,rare,False
Neo A16,Sarofang Prime Blueprint,uncommon,False
Neo A16,Lavos Prime Blueprint,uncommon,False
Neo A16,Perigale Prime Stock,common,False
Neo A16,Yareli Prime Chassis Blueprint,common,False
Neo A16,Dual Zoren Prime Handle,common,False
Neo A2,Akbolto Prime Receiver,rare,True
Neo A2,Zephyr Prime Chassis Blueprint,uncommon,True
Neo A2,2X Forma Blueprint,uncommon,True
Neo A2,Pyrana Prime Barrel,common,True
Neo A2,Kronen Prime Blueprint,common,True
Neo A2,Limbo Prime Systems Blueprint,common,True
Neo A3,Akjagara Prime Barrel,rare,True
Neo A3,Atlas Prime Systems Blueprint,uncommon,True
Neo A3,Equinox Prime Neuroptics Blueprint,uncommon,True
Neo A3,Zhuge Prime Grip,common,True
Neo A3,Lex Prime Barrel,common,True
Neo A3,Mesa Prime Chassis Blueprint,common,True
Neo A4,Akstiletto Prime Blueprint,rare,True
Neo A4,Ash Prime Neuroptics Blueprint,uncommon,True
Neo A4,Vectis Prime Blueprint,uncommon,True
Neo A4,Carrier Prime Carapace,common,True
Neo A4,Vauban Prime Chassis Blueprint,common,True
Neo A4,Forma Blueprint,common,True
Neo A5,Atlas Prime Neuroptics Blueprint,rare,True
Neo A5,Octavia Prime Chassis Blueprint,uncommon,True
Neo A5,Karyst Prime Handle,uncommon,True
Neo A5,Gara Prime Systems Blueprint,common,True
Neo A5,Paris Prime String,common,True
Neo A5,Forma Blueprint,common,True
Neo A6,Akjagara Prime Barrel,rare,True
Neo A6,Hydroid Prime Blueprint,uncommon,True
Neo A6,Ballistica Prime String,uncommon,True
Neo A6,Nami Skyla Prime Blueprint,common,True
Neo A6,Burston Prime Blueprint,common,True
Neo A6,Forma Blueprint,common,True
Neo A7,Akstiletto Prime Blueprint,rare,True
Neo A7,Atlas Prime Chassis Blueprint,uncommon,True
Neo A7,Dethcube Prime Cerebrum,uncommon,True
Neo A7,Lex Prime Receiver,common,True
Neo A7,Forma Blueprint,common,True
Neo A7,Braton Prime Barrel,common,True
Neo A8,Astilla Prime Barrel,rare,True
Neo A8,Strun Prime Stock,uncommon,True
Neo A8,Baruuk Prime Chassis Blueprint,uncommon,True
Neo A8,Lex Prime Receiver,common,True
Neo A8,Nidus Prime Systems Blueprint,common,True
Neo A8,Garuda Prime Blueprint,common,True
Neo A9,Akjagara Prime Barrel,rare,True
Neo A9,Limbo Prime Blueprint,uncommon,True
Neo A9,Lex Prime Blueprint,uncommon,True
Neo A9,Pyrana Prime Barrel,common,True
Neo A9,Fang Prime Blueprint,common,True
Neo A9,Forma Blueprint,common,True
Neo B1,Banshee Prime Chassis Blueprint,rare,True
Neo B1,Vectis Prime Stock,uncommon,True
Neo B1,Burston Prime Barrel,uncommon,True
Neo B1,Paris Prime String,common,True
Neo B1,Trinity Prime Systems Blueprint,common,True
Neo B1,Bronco Prime Receiver,common,True
Neo B2,Banshee Prime Chassis Blueprint,rare,True
Neo B2,Venka Prime Blueprint,uncommon,True
Neo B2,2X Forma Blueprint,uncommon,True
Neo B2,Tigris Prime Stock,common,True
Neo B2,Braton Prime Stock,common,True
Neo B2,Fang Prime Blueprint,common,True
Neo B3,Boltor Prime Blueprint,rare,True
Neo B3,Mag Prime Chassis Blueprint,uncommon,True
Neo B3,Dakra Prime Blade,uncommon,True
Neo B3,Boar Prime Blueprint,common,True
Neo B3,Forma Blueprint,common,True
Neo B3,Rhino Prime Systems Blueprint,common,True
Neo B4,Banshee Prime Systems Blueprint,rare,True
Neo B4,Kronen Prime Handle,uncommon,True
Neo B4,Tigris Prime Barrel,uncommon,True
Neo B4,Hydroid Prime Chassis Blueprint,common,True
Neo B4,Burston Prime Stock,common,True
Neo B4,Forma Blueprint,common,True
Neo B5,Banshee Prime Systems Blueprint,rare,True
Neo B5,Destreza Prime Blueprint,uncommon,True
Neo B5,Oberon Prime Blueprint,uncommon,True
Neo B5,Braton Prime Barrel,common,True
Neo B5,Ballistica Prime Lower Limb,common,True
Neo B5,Forma Blueprint,common,True
Neo B6,Banshee Prime Chassis Blueprint,rare,True
Neo B6,Kogake Prime Blueprint,uncommon,True
Neo B6,Akbolto Prime Link,uncommon,True
Neo B6,Euphona Prime Blueprint,common,True
Neo B6,Mirage Prime Neuroptics Blueprint,common,True
Neo B6,Forma Blueprint,common,True
Neo B7,Baza Prime Stock,rare,True
Neo B7,Tekko Prime Blueprint,uncommon,True
Neo B7,Dethcube Prime Carapace,uncommon,True
Neo B7,Tenora Prime Blueprint,common,True
Neo B7,Braton Prime Blueprint,common,True
Neo B7,Aksomati Prime Receiver,common,True
Neo B8,Boar Prime Stock,rare,True
Neo B8,Dakra Prime Blueprint,uncommon,True
Neo B8,Latron Prime Receiver,uncommon,True
Neo B8,Vasto Prime Receiver,common,True
Neo B8,Frost Prime Chassis Blueprint,common,True
Neo B8,Forma Blueprint,common,True
Neo B9,Baruuk Prime Neuroptics Blueprint,rare,True
Neo B9,Burston Prime Barrel,uncommon,True
Neo B9,Gunsen Prime Handle,uncommon,True
Neo B9,Forma Blueprint,common,True
Neo B9,Velox Prime Receiver,common,True
Neo B9,Burston Prime Receiver,common,True
Neo C1,Chroma Prime Systems Blueprint,rare,True
Neo C1,Redeemer Prime Blueprint,uncommon,True
Neo C1,Pyrana Prime Receiver,uncommon,True
Neo C1,Limbo Prime Systems Blueprint,common,True
Neo C1,Kronen Prime Blueprint,common,True
Neo C1,Mesa Prime Chassis Blueprint,common,True
Neo C10,Corufell Prime Receiver,rare,
Neo C10,Styanax Prime Systems Blueprint,uncommon,
Neo C10,Afentis Prime Barrel,uncommon,
Neo C10,Forma Blueprint,common,
Neo C10,Caliban Prime Chassis Blueprint,common,
Neo C10,Braton Prime Stock,common,
Neo C11,Caliban Prime Systems Blueprint,rare,
Neo C11,Cedo Prime Barrel,uncommon,
Neo C11,Vadarya Prime Receiver,uncommon,
Neo C11,Citrine Prime Chassis Blueprint,common,
Neo C11,Lex Prime Receiver,common,
Neo C11,Daikyu Prime Blueprint,common,
Neo C2,Corvas Prime Barrel,rare,True
Neo C2,Orthos Prime Blueprint,uncommon,True
Neo C2,Magnus Prime Receiver,uncommon,True
Neo C2,Braton Prime Stock,common,True
Neo C2,Forma Blueprint,common,True
Neo C2,Nidus Prime Systems Blueprint,common,True
Neo C3,Cobra & Crane Prime Guard,rare,True
Neo C3,Paris Prime Grip,uncommon,True
Neo C3,Magnus Prime Receiver,uncommon,True
Neo C3,Strun Prime Receiver,common,True
Neo C3,Corvas Prime Stock,common,True
Neo C3,Forma Blueprint,common,True
Neo C4,Corvas Prime Barrel,rare,True
Neo C4,Paris Prime Upper Limb,uncommon,True
Neo C4,Hildryn Prime Neuroptics Blueprint,uncommon,True
Neo C4,Gunsen Prime Blueprint,common,True
Neo C4,Scourge Prime Blade,common,True
Neo C4,Lex Prime Blueprint,common,True
Neo C5,Corvas Prime Barrel,rare,True
Neo C5,Hystrix Prime Blueprint,uncommon,True
Neo C5,Khora Prime Blueprint,uncommon,True
Neo C5,Garuda Prime Blueprint,common,True
Neo C5,Burston Prime Stock,common,True
Neo C5,Forma Blueprint,common,True
Neo C6,Cedo Prime Blueprint,rare,True
Neo C6,Velox Prime Blueprint,uncommon,True
Neo C6,2X Forma Blueprint,uncommon,True
Neo C6,Paris Prime Blueprint,common,True
Neo C6,Protea Prime Blueprint,common,True
Neo C6,Bronco Prime Barrel,common,True
Neo C7,Caliban Prime Neuroptics Blueprint,rare,False
Neo C7,Daikyu Prime Upper Limb,uncommon,False
Neo C7,Vadarya Prime Receiver,uncommon,False
Neo C7,Forma Blueprint,common,False
Neo C7,Kompressa Prime Blueprint,common,False
Neo C7,Braton Prime Barrel,common,False
Neo C8,Caliban Prime Systems Blueprint,rare,False
Neo C8,Afentis Prime Barrel,uncommon,False
Neo C8,Venato Prime Blueprint,uncommon,False
Neo C8,Quassus Prime Handle,common,False
Neo C8,Cedo Prime Stock,common,False
Neo C8,Daikyu Prime Blueprint,common,False
Neo C9,Cedo Prime Blueprint,rare,False
Neo C9,Xaku Prime Chassis Blueprint,uncommon,False
Neo C9,Akbronco Prime Link,uncommon,False
Neo C9,Forma Blueprint,common,False
Neo C9,Alternox Prime Receiver,common,False
Neo C9,Paris Prime Upper Limb,common,False
Neo D1,Dakra Prime Blade,rare,True
Neo D1,Mag Prime Systems Blueprint,common,True
Neo D1,Trinity Prime Neuroptics Blueprint,uncommon,True
Neo D1,Vasto Prime Barrel,common,True
Neo D1,Boar Prime Blueprint,common,True
Neo D1,2X Forma Blueprint,uncommon,True
Neo D10,Daikyu Prime Grip,rare,True
Neo D10,Velox Prime Blueprint,uncommon,True
Neo D10,Gauss Prime Blueprint,uncommon,True
Neo D10,Lex Prime Blueprint,common,True
Neo D10,Forma Blueprint,common,True
Neo D10,Akarius Prime Barrel,common,True
Neo D2,Dethcube Prime Cerebrum,rare,True
Neo D2,Titania Prime Blueprint,uncommon,True
Neo D2,Equinox Prime Neuroptics Blueprint,uncommon,True
Neo D2,Nezha Prime Systems Blueprint,common,True
Neo D2,Braton Prime Stock,common,True
Neo D2,Forma Blueprint,common,True
Neo D3,Dethcube Prime Blueprint,rare,True
Neo D3,2X Forma Blueprint,uncommon,True
Neo D3,Zakti Prime Barrel,uncommon,True
Neo D3,Paris Prime Lower Limb,common,True
Neo D3,Akbronco Prime Blueprint,common,True
Neo D3,Nezha Prime Systems Blueprint,common,True
Neo D4,Destreza Prime Blade,rare,True
Neo D4,Dual Kamas Prime Handle,uncommon,True
Neo D4,Limbo Prime Blueprint,uncommon,True
Neo D4,Trinity Prime Systems Blueprint,common,True
Neo D4,Braton Prime Barrel,common,True
Neo D4,Forma Blueprint,common,True
Neo D5,Dual Keres Prime Blueprint,rare,True
Neo D5,Braton Prime Stock,uncommon,True
Neo D5,Corvas Prime Blueprint,uncommon,True
Neo D5,Strun Prime Receiver,common,True
Neo D5,Paris Prime Upper Limb,common,True
Neo D5,Volnus Prime Blueprint,common,True
Neo D6,Dethcube Prime Blueprint,rare,True
Neo D6,Akstiletto Prime Link,uncommon,True
Neo D6,Fragor Prime Handle,uncommon,True
Neo D6,Lex Prime Barrel,common,True
Neo D6,Forma Blueprint,common,True
Neo D6,Braton Prime Blueprint,common,True
Neo D7,Dual Keres Prime Blueprint,rare,True
Neo D7,Knell Prime Receiver,uncommon,True
Neo D7,Khora Prime Chassis Blueprint,uncommon,True
Neo D7,Wisp Prime Systems Blueprint,common,True
Neo D7,Forma Blueprint,common,True
Neo D7,Corvas Prime Receiver,common,True
Neo D8,Dual Keres Prime Blueprint,rare,True
Neo D8,2X Forma Blueprint,uncommon,True
Neo D8,Larkspur Prime Receiver,uncommon,True
Neo D8,Nagantaka Prime Barrel,common,True
Neo D8,Lex Prime Receiver,common,True
Neo D8,Tatsu Prime Blueprint,common,True
Neo D9,Dual Zoren Prime Blade,rare,True
Neo D9,Orthos Prime Blueprint,uncommon,True
Neo D9,Protea Prime Neuroptics Blueprint,uncommon,True
Neo D9,Lex Prime Receiver,common,True
Neo D9,Paris Prime String,common,True
Neo D9,Forma Blueprint,common,True
Neo E1,Ember Prime Blueprint,rare,True
Neo E1,Reaper Prime Blade,uncommon,True
Neo E1,2X Forma Blueprint,uncommon,True
Neo E1,Frost Prime Neuroptics Blueprint,common,True
Neo E1,Loki Prime Neuroptics Blueprint,common,True
Neo E1,Wyrm Prime Blueprint,common,True
Neo E2,Equinox Prime Systems Blueprint,rare,True
Neo E2,Zakti Prime Barrel,uncommon,True
Neo E2,Atlas Prime Chassis Blueprint,uncommon,True
Neo E2,Burston Prime Receiver,common,True
Neo E2,Dethcube Prime Systems,common,True
Neo E2,Corinth Prime Blueprint,common,True
Neo E3,Equinox Prime Systems Blueprint,rare,True
Neo E3,Stradavar Prime Barrel,uncommon,True
Neo E3,Lex Prime Blueprint,uncommon,True
Neo E3,Zhuge Prime String,common,True
Neo E3,Burston Prime Receiver,common,True
Neo E3,Forma Blueprint,common,True
Neo E4,Epitaph Prime Receiver,rare,True
Neo E4,Gauss Prime Neuroptics Blueprint,uncommon,True
Neo E4,Fang Prime Handle,uncommon,True
Neo E4,Forma Blueprint,common,True
Neo E4,Afuris Prime Barrel,common,True
Neo E4,Paris Prime Lower Limb,common,True
Neo F1,Frost Prime Blueprint,rare,True
Neo F1,Bo Prime Handle,uncommon,True
Neo F1,2X Forma Blueprint,uncommon,True
Neo F1,Sicarus Prime Barrel,common,True
Neo F1,Ember Prime Chassis Blueprint,common,True
Neo F1,Sicarus Prime Blueprint,common,True
Neo F2,Fulmin Prime Receiver,rare,True
Neo F2,Cobra & Crane Prime Blade,uncommon,True
Neo F2,Nagantaka Prime Receiver,uncommon,True
Neo F2,Forma Blueprint,common,True
Neo F2,Braton Prime Barrel,common,True
Neo F2,Shade Prime Cerebrum,common,True
Neo F3,Fulmin Prime Receiver,rare,True
Neo F3,Acceltra Prime Receiver,uncommon,True
Neo F3,Larkspur Prime Receiver,uncommon,True
Neo F3,Khora Prime Systems Blueprint,common,True
Neo F3,Fang Prime Blade,common,True
Neo F3,Phantasma Prime Receiver,common,True
Neo G1,Gram Prime Handle,rare,True
Neo G1,Paris Prime Grip,uncommon,True
Neo G1,Hydroid Prime Neuroptics Blueprint,uncommon,True
Neo G1,Mirage Prime Neuroptics Blueprint,common,True
Neo G1,Forma Blueprint,common,True
Neo G1,Kogake Prime Boot,common,True
Neo G10,Grendel Prime Blueprint,rare,True
Neo G10,Gauss Prime Blueprint,uncommon,True
Neo G10,Akarius Prime Receiver,uncommon,True
Neo G10,Masseter Prime Handle,common,True
Neo G10,Paris Prime Blueprint,common,True
Neo G10,Forma Blueprint,common,True
Neo G2,Gram Prime Handle,rare,True
Neo G2,Pyrana Prime Receiver,uncommon,True
Neo G2,Zhuge Prime Blueprint,uncommon,True
Neo G2,Forma Blueprint,common,True
Neo G2,Dethcube Prime Systems,common,True
Neo G2,Redeemer Prime Blade,common,True
Neo G3,Galatine Prime Blueprint,rare,True
Neo G3,Sybaris Prime Receiver,uncommon,True
Neo G3,Silva & Aegis Prime Blueprint,uncommon,True
Neo G3,Burston Prime Receiver,common,True
Neo G3,Forma Blueprint,common,True
Neo G3,Fang Prime Blade,common,True
Neo G4,Gara Prime Blueprint,rare,True
Neo G4,Paris Prime Grip,uncommon,True
Neo G4,Magnus Prime Receiver,uncommon,True
Neo G4,Hystrix Prime Barrel,common,True
Neo G4,Fang Prime Blade,common,True
Neo G4,Pandero Prime Blueprint,common,True
Neo G5,Galatine Prime Blueprint,rare,True
Neo G5,Harrow Prime Blueprint,uncommon,True
Neo G5,Fang Prime Blueprint,uncommon,True
Neo G5,Nekros Prime Chassis Blueprint,common,True
Neo G5,Burston Prime Stock,common,True
Neo G5,Forma Blueprint,common,True
Neo G6,Glaive Prime Blueprint,rare,True
Neo G6,Boltor Prime Receiver,uncommon,True
Neo G6,Ankyros Prime Blade,uncommon,True
Neo G6,Sicarus Prime Barrel,common,True
Neo G6,Rhino Prime Systems Blueprint,common,True
Neo G6,Forma Blueprint,common,True
Neo G7,Grendel Prime Blueprint,rare,True
Neo G7,Cobra & Crane Prime Blade,uncommon,True
Neo G7,Hildryn Prime Chassis Blueprint,uncommon,True
Neo G7,Nautilus Prime Carapace,common,True
Neo G7,Afuris Prime Blueprint,common,True
Neo G7,Fulmin Prime Barrel,common,True
Neo G8,Gauss Prime Systems Blueprint,rare,True
Neo G8,Xaku Prime Chassis Blueprint,uncommon,True
Neo G8,Okina Prime Handle,uncommon,True
Neo G8,Fulmin Prime Barrel,common,True
Neo G8,Forma Blueprint,common,True
Neo G8,Bronco Prime Blueprint,common,True
Neo G9,Gauss Prime Systems Blueprint,rare,True
Neo G9,Bronco Prime Barrel,uncommon,True
Neo G9,Masseter Prime Blueprint,uncommon,True
Neo G9,Kompressa Prime Blueprint,common,True
Neo G9,Bronco Prime Receiver,common,True
Neo G9,Gauss Prime Blueprint,common,True
Neo H1,Hydroid Prime Systems Blueprint,rare,True
Neo H1,Banshee Prime Blueprint,uncommon,True
Neo H1,Tigris Prime Barrel,uncommon,True
Neo H1,Orthos Prime Handle,common,True
Neo H1,Fragor Prime Head,common,True
Neo H1,Burston Prime Receiver,common,True
Neo H2,Hydroid Prime Systems Blueprint,rare,True
Neo H2,Rubico Prime Barrel,uncommon,True
Neo H2,Ballistica Prime Receiver,uncommon,True
Neo H2,Euphona Prime Blueprint,common,True
Neo H2,Burston Prime Stock,common,True
Neo H2,Fang Prime Blueprint,common,True
Neo H3,Hydroid Prime Systems Blueprint,rare,True
Neo H3,Mesa Prime Systems Blueprint,uncommon,True
Neo H3,Nami Skyla Prime Handle,uncommon,True
Neo H3,Ballistica Prime Lower Limb,common,True
Neo H3,Fang Prime Handle,common,True
Neo H3,Forma Blueprint,common,True
Neo H4,Hildryn Prime Blueprint,rare,True
Neo H4,Fulmin Prime Blueprint,uncommon,True
Neo H4,Wisp Prime Chassis Blueprint,uncommon,True
Neo H4,Larkspur Prime Blueprint,common,True
Neo H4,Fang Prime Blueprint,common,True
Neo H4,Forma Blueprint,common,True
Neo H5,Hydroid Prime Systems Blueprint,rare,
Neo H5,Sevagoth Prime Chassis Blueprint,uncommon,
Neo H5,Nautilus Prime Systems,uncommon,
Neo H5,Burston Prime Stock,common,
Neo H5,Nami Skyla Prime Handle,common,
Neo H5,Forma Blueprint,common,
Neo I1,Ivara Prime Chassis Blueprint,rare,True
Neo I1,Akjagara Prime Receiver,uncommon,True
Neo I1,Limbo Prime Blueprint,uncommon,True
Neo I1,Zhuge Prime String,common,True
Neo I1,Fang Prime Blade,common,True
Neo I1,Wukong Prime Neuroptics Blueprint,common,True
Neo I2,Ivara Prime Chassis Blueprint,rare,True
Neo I2,Stradavar Prime Barrel,uncommon,True
Neo I2,Wukong Prime Systems Blueprint,uncommon,True
Neo I2,Burston Prime Receiver,common,True
Neo I2,Dethcube Prime Systems,common,True
Neo I2,Forma Blueprint,common,True
Neo I3,Ivara Prime Chassis Blueprint,rare,True
Neo I3,Sybaris Prime Receiver,uncommon,True
Neo I3,Baza Prime Barrel,uncommon,True
Neo I3,Silva & Aegis Prime Hilt,common,True
Neo I3,Forma Blueprint,common,True
Neo I3,Aksomati Prime Blueprint,common,True
Neo K1,Kogake Prime Gauntlet,rare,True
Neo K1,Zephyr Prime Chassis Blueprint,uncommon,True
Neo K1,Helios Prime Blueprint,uncommon,True
Neo K1,Valkyr Prime Blueprint,common,True
Neo K1,Silva & Aegis Prime Hilt,common,True
Neo K1,Euphona Prime Blueprint,common,True
Neo K10,Kompressa Prime Barrel,rare,
Neo K10,Venato Prime Blueprint,uncommon,
Neo K10,Daikyu Prime Lower Limb,uncommon,
Neo K10,Bronco Prime Blueprint,common,
Neo K10,Forma Blueprint,common,
Neo K10,Gyre Prime Systems Blueprint,common,
Neo K2,Kogake Prime Gauntlet,rare,True
Neo K2,Mirage Prime Systems Blueprint,uncommon,True
Neo K2,Akbolto Prime Link,uncommon,True
Neo K2,Chroma Prime Blueprint,common,True
Neo K2,Braton Prime Barrel,common,True
Neo K2,Banshee Prime Neuroptics Blueprint,common,True
Neo K3,Kronen Prime Blade,rare,True
Neo K3,Tiberon Prime Barrel,uncommon,True
Neo K3,Braton Prime Receiver,uncommon,True
Neo K3,Rubico Prime Receiver,common,True
Neo K3,Forma Blueprint,common,True
Neo K3,Burston Prime Blueprint,common,True
Neo K4,Knell Prime Barrel,rare,True
Neo K4,Paris Prime Grip,uncommon,True
Neo K4,Braton Prime Stock,uncommon,True
Neo K4,Inaros Prime Systems Blueprint,common,True
Neo K4,Panthera Prime Blueprint,common,True
Neo K4,Forma Blueprint,common,True
Neo K5,Khora Prime Neuroptics Blueprint,rare,True
Neo K5,Scourge Prime Handle,uncommon,True
Neo K5,Afuris Prime Link,uncommon,True
Neo K5,Fang Prime Blade,common,True
Neo K5,Revenant Prime Chassis Blueprint,common,True
Neo K5,Forma Blueprint,common,True
Neo K6,Khora Prime Blueprint,rare,True
Neo K6,Wisp Prime Neuroptics Blueprint,uncommon,True
Neo K6,Hystrix Prime Blueprint,uncommon,True
Neo K6,Bronco Prime Receiver,common,True
Neo K6,Fang Prime Handle,common,True
Neo K6,Cobra & Crane Prime Hilt,common,True
Neo K7,Khora Prime Neuroptics Blueprint,rare,True
Neo K7,Gunsen Prime Handle,uncommon,True
Neo K7,Baruuk Prime Chassis Blueprint,uncommon,True
Neo K7,Forma Blueprint,common,True
Neo K7,Burston Prime Receiver,common,True
Neo K7,Fulmin Prime Barrel,common,True
Neo K8,Khora Prime Neuroptics Blueprint,rare,True
Neo K8,Garuda Prime Systems Blueprint,uncommon,True
Neo K8,Burston Prime Barrel,uncommon,True
Neo K8,Corvas Prime Stock,common,True
Neo K8,Dual Keres Prime Blade,common,True
Neo K8,Forma Blueprint,common,True
Neo K9,Kestrel Prime Grip,rare,True
Neo K9,Xaku Prime Chassis Blueprint,uncommon,True
Neo K9,2X Forma Blueprint,uncommon,True
Neo K9,Sevagoth Prime Neuroptics Blueprint,common,True
Neo K9,Burston Prime Blueprint,common,True
Neo K9,Lex Prime Receiver,common,True
Neo L1,Limbo Prime Chassis Blueprint,rare,True
Neo L1,Silva & Aegis Prime Blade,uncommon,True
Neo L1,Ballistica Prime Receiver,uncommon,True
Neo L1,Mirage Prime Chassis Blueprint,common,True
Neo L1,Euphona Prime Blueprint,common,True
Neo L1,Kronen Prime Blueprint,common,True
Neo L2,Larkspur Prime Barrel,rare,True
Neo L2,Akbronco Prime Link,uncommon,True
Neo L2,Corvas Prime Blueprint,uncommon,True
Neo L2,Khora Prime Systems Blueprint,common,True
Neo L2,Forma Blueprint,common,True
Neo L2,Strun Prime Receiver,common,True
Neo L3,Larkspur Prime Barrel,rare,True
Neo L3,Orthos Prime Blueprint,uncommon,True
Neo L3,Harrow Prime Blueprint,uncommon,True
Neo L3,Forma Blueprint,common,True
Neo L3,Lex Prime Receiver,common,True
Neo L3,Tatsu Prime Blueprint,common,True
Neo L4,Larkspur Prime Barrel,rare,True
Neo L4,Fang Prime Handle,uncommon,True
Neo L4,Acceltra Prime Receiver,uncommon,True
Neo L4,Burston Prime Blueprint,common,True
Neo L4,Velox Prime Receiver,common,True
Neo L4,Forma Blueprint,common,True
Neo M1,Mirage Prime Blueprint,rare,True
Neo M1,Helios Prime Blueprint,uncommon,True
Neo M1,Euphona Prime Barrel,uncommon,True
Neo M1,Paris Prime String,common,True
Neo M1,Akbolto Prime Blueprint,common,True
Neo M1,Bronco Prime Blueprint,common,True
Neo M2,Mesa Prime Systems Blueprint,rare,True
Neo M2,Limbo Prime Blueprint,uncommon,True
Neo M2,Bronco Prime Barrel,uncommon,True
Neo M2,Akbronco Prime Blueprint,common,True
Neo M2,Burston Prime Stock,common,True
Neo M2,Forma Blueprint,common,True
Neo M3,Mesa Prime Systems Blueprint,rare,True
Neo M3,Atlas Prime Chassis Blueprint,uncommon,True
Neo M3,2X Forma Blueprint,uncommon,True
Neo M3,Titania Prime Chassis Blueprint,common,True
Neo M3,Bronco Prime Receiver,common,True
Neo M3,Ivara Prime Neuroptics Blueprint,common,True
Neo M4,Magnus Prime Barrel,rare,True
Neo M4,Nagantaka Prime Receiver,uncommon,True
Neo M4,2X Forma Blueprint,uncommon,True
Neo M4,Orthos Prime Handle,common,True
Neo M4,Scourge Prime Blade,common,True
Neo M4,Strun Prime Receiver,common,True
Neo M5,Masseter Prime Blade,rare,True
Neo M5,2X Forma Blueprint,uncommon,True
Neo M5,Gauss Prime Blueprint,uncommon,True
Neo M5,Grendel Prime Neuroptics Blueprint,common,True
Neo M5,Burston Prime Receiver,common,True
Neo M5,Afuris Prime Blueprint,common,True
Neo M6,Masseter Prime Blade,rare,True
Neo M6,Acceltra Prime Receiver,uncommon,True
Neo M6,Grendel Prime Systems Blueprint,uncommon,True
Neo M6,Akarius Prime Barrel,common,True
Neo M6,Bronco Prime Receiver,common,True
Neo M6,Forma Blueprint,common,True
Neo N1,Nyx Prime Chassis Blueprint,rare,True
Neo N1,Soma Prime Receiver,uncommon,True
Neo N1,Kavasa Prime Kubrow Collar Blueprint,uncommon,True
Neo N1,Hikou Prime Stars,common,True
Neo N1,Vectis Prime Barrel,common,True
Neo N1,Forma Blueprint,common,True
Neo N10,Nami Skyla Prime Blade,rare,True
Neo N10,Ballistica Prime Upper Limb,uncommon,True
Neo N10,Tipedo Prime Ornament,uncommon,True
Neo N10,Forma Blueprint,common,True
Neo N10,Redeemer Prime Blade,common,True
Neo N10,Zephyr Prime Neuroptics Blueprint,common,True
Neo N11,Nekros Prime Systems Blueprint,rare,True
Neo N11,Oberon Prime Systems Blueprint,uncommon,True
Neo N11,2X Forma Blueprint,uncommon,True
Neo N11,Tigris Prime Stock,common,True
Neo N11,Braton Prime Barrel,common,True
Neo N11,Sybaris Prime Blueprint,common,True
Neo N12,Nova Prime Chassis Blueprint,rare,True
Neo N12,Dual Kamas Prime Handle,uncommon,True
Neo N12,Kavasa Prime Band,uncommon,True
Neo N12,Trinity Prime Systems Blueprint,common,True
Neo N12,Soma Prime Blueprint,common,True
Neo N12,Vasto Prime Receiver,common,True
Neo N13,Nezha Prime Chassis Blueprint,rare,True
Neo N13,2X Forma Blueprint,uncommon,True
Neo N13,Wukong Prime Chassis Blueprint,uncommon,True
Neo N13,Inaros Prime Systems Blueprint,common,True
Neo N13,Aksomati Prime Blueprint,common,True
Neo N13,Pangolin Prime Handle,common,True
Neo N14,Ninkondi Prime Handle,rare,True
Neo N14,Braton Prime Receiver,uncommon,True
Neo N14,Zhuge Prime Receiver,uncommon,True
Neo N14,Titania Prime Chassis Blueprint,common,True
Neo N14,Forma Blueprint,common,True
Neo N14,Bronco Prime Receiver,common,True
Neo N15,Nezha Prime Neuroptics Blueprint,rare,True
Neo N15,Atlas Prime Systems Blueprint,uncommon,True
Neo N15,Baza Prime Barrel,uncommon,True
Neo N15,Paris Prime Blueprint,common,True
Neo N15,Akbronco Prime Blueprint,common,True
Neo N15,Forma Blueprint,common,True
Neo N16,Nidus Prime Neuroptics Blueprint,rare,True
Neo N16,Orthos Prime Blade,uncommon,True
Neo N16,Pandero Prime Barrel,uncommon,True
Neo N16,Burston Prime Stock,common,True
Neo N16,Nezha Prime Systems Blueprint,common,True
Neo N16,Forma Blueprint,common,True
Neo N17,Nezha Prime Chassis Blueprint,rare,True
Neo N17,Strun Prime Stock,uncommon,True
Neo N17,2X Forma Blueprint,uncommon,True
Neo N17,Paris Prime Upper Limb,common,True
Neo N17,Pangolin Prime Handle,common,True
Neo N17,Burston Prime Receiver,common,True
Neo N18,Nidus Prime Chassis Blueprint,rare,True
Neo N18,2X Forma Blueprint,uncommon,True
Neo N18,Gara Prime Neuroptics Blueprint,uncommon,True
Neo N18,Corinth Prime Blueprint,common,True
Neo N18,Scourge Prime Blade,common,True
Neo N18,Magnus Prime Blueprint,common,True
Neo N19,Nikana Prime Hilt,rare,True
Neo N19,Magnus Prime Receiver,uncommon,True
Neo N19,Paris Prime Upper Limb,uncommon,True
Neo N19,Nidus Prime Systems Blueprint,common,True
Neo N19,Braton Prime Receiver,common,True
Neo N19,Forma Blueprint,common,True
Neo N2,Lex Prime Blueprint,common,True
Neo N2,Vauban Prime Systems Blueprint,rare,True
Neo N2,Fang Prime Blueprint,common,True
Neo N2,2X Forma Blueprint,uncommon,True
Neo N2,Vasto Prime Barrel,common,True
Neo N2,Nova Prime Blueprint,uncommon,True
Neo N20,Nezha Prime Neuroptics Blueprint,rare,True
Neo N20,Pandero Prime Barrel,uncommon,True
Neo N20,Karyst Prime Handle,uncommon,True
Neo N20,Garuda Prime Blueprint,common,True
Neo N20,Fang Prime Blade,common,True
Neo N20,Tenora Prime Blueprint,common,True
Neo N21,Nagantaka Prime Blueprint,rare,True
Neo N21,Khora Prime Chassis Blueprint,uncommon,True
Neo N21,Harrow Prime Blueprint,uncommon,True
Neo N21,Paris Prime String,common,True
Neo N21,Gara Prime Systems Blueprint,common,True
Neo N21,Forma Blueprint,common,True
Neo N22,Nagantaka Prime Blueprint,rare,True
Neo N22,Garuda Prime Chassis Blueprint,uncommon,True
Neo N22,Magnus Prime Receiver,uncommon,True
Neo N22,Shade Prime Cerebrum,common,True
Neo N22,Dual Keres Prime Blade,common,True
Neo N22,Paris Prime Blueprint,common,True
Neo N23,Nagantaka Prime Blueprint,rare,True
Neo N23,Paris Prime Grip,uncommon,True
Neo N23,Baruuk Prime Chassis Blueprint,uncommon,True
Neo N23,Fang Prime Blade,common,True
Neo N23,Revenant Prime Chassis Blueprint,common,True
Neo N23,Burston Prime Blueprint,common,True
Neo N24,Nautilus Prime Blueprint,rare,True
Neo N24,Kestrel Prime Blueprint,uncommon,True
Neo N24,Lavos Prime Neuroptics Blueprint,uncommon,True
Neo N24,Daikyu Prime Blueprint,common,True
Neo N24,Bronco Prime Receiver,common,True
Neo N24,Venato Prime Handle,common,True
Neo N25,Nautilus Prime Cerebrum,rare,
Neo N25,Nami Skyla Prime Blueprint,uncommon,
Neo N25,Burston Prime Barrel,uncommon,
Neo N25,Epitaph Prime Blueprint,common,
Neo N25,Ballistica Prime String,common,
Neo N25,Forma Blueprint,common,
Neo N3,Nekros Prime Systems Blueprint,rare,True
Neo N3,Fang Prime Handle,uncommon,True
Neo N3,Ash Prime Neuroptics Blueprint,uncommon,True
Neo N3,Lex Prime Barrel,common,True
Neo N3,Odonata Prime Systems Blueprint,common,True
Neo N3,Paris Prime String,common,True
Neo N4,Nikana Prime Blade,rare,True
Neo N4,2X Forma Blueprint,uncommon,True
Neo N4,Venka Prime Blueprint,uncommon,True
Neo N4,Paris Prime String,common,True
Neo N4,Ash Prime Chassis Blueprint,common,True
Neo N4,Braton Prime Stock,common,True
Neo N5,Nikana Prime Blueprint,rare,True
Neo N5,Ash Prime Systems Blueprint,uncommon,True
Neo N5,Akstiletto Prime Link,uncommon,True
Neo N5,Saryn Prime Systems Blueprint,common,True
Neo N5,Forma Blueprint,common,True
Neo N5,Helios Prime Carapace,common,True
Neo N6,Nikana Prime Hilt,rare,True
Neo N6,Sybaris Prime Receiver,uncommon,True
Neo N6,Trinity Prime Blueprint,uncommon,True
Neo N6,Bronco Prime Receiver,common,True
Neo N6,Galatine Prime Blade,common,True
Neo N6,Cernos Prime Upper Limb,common,True
Neo N7,Nekros Prime Systems Blueprint,rare,True
Neo N7,Banshee Prime Blueprint,uncommon,True
Neo N7,Valkyr Prime Neuroptics Blueprint,uncommon,True
Neo N7,Trinity Prime Neuroptics Blueprint,common,True
Neo N7,Euphona Prime Blueprint,common,True
Neo N7,Venka Prime Blades,common,True
Neo N8,Nami Skyla Prime Blade,rare,True
Neo N8,Akbolto Prime Link,uncommon,True
Neo N8,2X Forma Blueprint,uncommon,True
Neo N8,Paris Prime String,common,True
Neo N8,Hydroid Prime Chassis Blueprint,common,True
Neo N8,Sybaris Prime Blueprint,common,True
Neo N9,Nova Prime Chassis Blueprint,rare,True
Neo N9,Soma Prime Receiver,uncommon,True
Neo N9,2X Forma Blueprint,uncommon,True
Neo N9,Mag Prime Neuroptics Blueprint,common,True
Neo N9,Boar Prime Blueprint,common,True
Neo N9,Dakra Prime Handle,common,True
Neo O1,Odonata Prime Wings Blueprint,rare,True
Neo O1,Aklex Prime Blueprint,uncommon,True
Neo O1,Volt Prime Systems Blueprint,uncommon,True
Neo O1,Volt Prime Blueprint,common,True
Neo O1,Forma Blueprint,common,True
Neo O1,Odonata Prime Harness Blueprint,common,True
Neo O2,Okina Prime Blueprint,rare,True
Neo O2,Fulmin Prime Blueprint,uncommon,True
Neo O2,Acceltra Prime Receiver,uncommon,True
Neo O2,Phantasma Prime Receiver,common,True
Neo O2,Gauss Prime Chassis Blueprint,common,True
Neo O2,Zylok Prime Barrel,common,True
Neo O3,Okina Prime Blueprint,rare,True
Neo O3,Akbronco Prime Link,uncommon,True
Neo O3,Xaku Prime Systems Blueprint,uncommon,True
Neo O3,Paris Prime Upper Limb,common,True
Neo O3,Lex Prime Barrel,common,True
Neo O3,Forma Blueprint,common,True
Neo O4,Okina Prime Blueprint,rare,
Neo O4,Baza Prime Barrel,uncommon,
Neo O4,Braton Prime Blueprint,uncommon,
Neo O4,Ivara Prime Neuroptics Blueprint,common,
Neo O4,Protea Prime Blueprint,common,
Neo O4,Forma Blueprint,common,
Neo P1,Pangolin Prime Blueprint,rare,True
Neo P1,Akjagara Prime Receiver,uncommon,True
Neo P1,Rubico Prime Stock,uncommon,True
Neo P1,Ninkondi Prime Blueprint,common,True
Neo P1,Paris Prime Lower Limb,common,True
Neo P1,Redeemer Prime Blade,common,True
Neo P10,Perigale Prime Barrel,rare,True
Neo P10,Trumna Prime Stock,uncommon,True
Neo P10,Cedo Prime Receiver,uncommon,True
Neo P10,Nautilus Prime Carapace,common,True
Neo P10,Forma Blueprint,common,True
Neo P10,Burston Prime Blueprint,common,True
Neo P11,Protea Prime Chassis Blueprint,rare,
Neo P11,Aksomati Prime Barrel,uncommon,
Neo P11,Braton Prime Receiver,uncommon,
Neo P11,Okina Prime Blade,common,
Neo P11,Burston Prime Receiver,common,
Neo P11,Forma Blueprint,common,
Neo P2,Pandero Prime Receiver,rare,True
Neo P2,2X Forma Blueprint,uncommon,True
Neo P2,Titania Prime Blueprint,uncommon,True
Neo P2,Aksomati Prime Receiver,common,True
Neo P2,Braton Prime Stock,common,True
Neo P2,Guandao Prime Blade,common,True
Neo P3,Pangolin Prime Blueprint,rare,True
Neo P3,Astilla Prime Stock,uncommon,True
Neo P3,Inaros Prime Chassis Blueprint,uncommon,True
Neo P3,Lex Prime Blueprint,common,True
Neo P3,Panthera Prime Blueprint,common,True
Neo P3,Orthos Prime Handle,common,True
Neo P4,Pandero Prime Receiver,rare,True
Neo P4,2X Forma Blueprint,uncommon,True
Neo P4,Braton Prime Receiver,uncommon,True
Neo P4,Karyst Prime Blueprint,common,True
Neo P4,Zakti Prime Receiver,common,True
Neo P4,Paris Prime Upper Limb,common,True
Neo P5,Pangolin Prime Blueprint,rare,True
Neo P5,Gara Prime Chassis Blueprint,uncommon,True
Neo P5,Burston Prime Barrel,uncommon,True
Neo P5,Volnus Prime Blueprint,common,True
Neo P5,Burston Prime Stock,common,True
Neo P5,Forma Blueprint,common,True
Neo P6,Phantasma Prime Stock,rare,True
Neo P6,Protea Prime Neuroptics Blueprint,uncommon,True
Neo P6,Masseter Prime Blueprint,uncommon,True
Neo P6,Akbronco Prime Blueprint,common,True
Neo P6,Forma Blueprint,common,True
Neo P6,Gunsen Prime Blueprint,common,True
Neo P7,Protea Prime Chassis Blueprint,rare,True
Neo P7,Larkspur Prime Stock,uncommon,True
Neo P7,Hildryn Prime Neuroptics Blueprint,uncommon,True
Neo P7,Forma Blueprint,common,True
Neo P7,Paris Prime Upper Limb,common,True
Neo P7,Gauss Prime Chassis Blueprint,common,True
Neo P8,Phantasma Prime Barrel,rare,True
Neo P8,Revenant Prime Systems Blueprint,uncommon,True
Neo P8,Afuris Prime Link,uncommon,True
Neo P8,Baruuk Prime Systems Blueprint,common,True
Neo P8,Orthos Prime Handle,common,True
Neo P8,Forma Blueprint,common,True
Neo P9,Protea Prime Systems Blueprint,rare,True
Neo P9,Orthos Prime Blade,uncommon,True
Neo P9,Epitaph Prime Barrel,uncommon,True
Neo P9,Alternox Prime Receiver,common,True
Neo P9,Paris Prime String,common,True
Neo P9,Fang Prime Blueprint,common,True
Neo Q1,Quassus Prime Blade,rare,True
Neo Q1,Hildryn Prime Chassis Blueprint,uncommon,True
Neo Q1,Orthos Prime Blueprint,uncommon,True
Neo Q1,Burston Prime Receiver,common,True
Neo Q1,Grendel Prime Neuroptics Blueprint,common,True
Neo Q1,Lex Prime Barrel,common,True
Neo R1,Rhino Prime Blueprint,rare,True
Neo R1,Boltor Prime Receiver,uncommon,True
Neo R1,Nyx Prime Chassis Blueprint,uncommon,True
Neo R1,Hikou Prime Blueprint,common,True
Neo R1,Ankyros Prime Gauntlet,common,True
Neo R1,Forma Blueprint,common,True
Neo R2,Rubico Prime Blueprint,rare,True
Neo R2,Paris Prime Grip,uncommon,True
Neo R2,Tiberon Prime Blueprint,uncommon,True
Neo R2,Ninkondi Prime Blueprint,common,True
Neo R2,Braton Prime Stock,common,True
Neo R2,Forma Blueprint,common,True
Neo R3,Redeemer Prime Handle,rare,True
Neo R3,Paris Prime Grip,uncommon,True
Neo R3,Ninkondi Prime Chain,uncommon,True
Neo R3,Baza Prime Receiver,common,True
Neo R3,Limbo Prime Systems Blueprint,common,True
Neo R3,Burston Prime Blueprint,common,True
Neo R4,Redeemer Prime Handle,rare,True
Neo R4,Corinth Prime Receiver,uncommon,True
Neo R4,Ninkondi Prime Chain,uncommon,True
Neo R4,Aksomati Prime Blueprint,common,True
Neo R4,Braton Prime Stock,common,True
Neo R4,Mesa Prime Chassis Blueprint,common,True
Neo R5,Redeemer Prime Handle,rare,True
Neo R5,Akjagara Prime Link,uncommon,True
Neo R5,Fang Prime Handle,uncommon,True
Neo R5,Limbo Prime Systems Blueprint,common,True
Neo R5,Vasto Prime Receiver,common,True
Neo R5,Forma Blueprint,common,True
Neo S1,Saryn Prime Blueprint,rare,True
Neo S1,Trinity Prime Chassis Blueprint,uncommon,True
Neo S1,2X Forma Blueprint,uncommon,True
Neo S1,Carrier Prime Carapace,common,True
Neo S1,Lex Prime Barrel,common,True
Neo S1,Soma Prime Blueprint,common,True
Neo S10,Saryn Prime Chassis Blueprint,rare,True
Neo S10,Nikana Prime Blade,uncommon,True
Neo S10,Spira Prime Blade,uncommon,True
Neo S10,Saryn Prime Systems Blueprint,common,True
Neo S10,Braton Prime Stock,common,True
Neo S10,Lex Prime Blueprint,common,True
Neo S11,Stradavar Prime Blueprint,rare,True
Neo S11,Kronen Prime Handle,uncommon,True
Neo S11,2X Forma Blueprint,uncommon,True
Neo S11,Fang Prime Blade,common,True
Neo S11,Bronco Prime Receiver,common,True
Neo S11,Hydroid Prime Chassis Blueprint,common,True
Neo S12,Stradavar Prime Blueprint,rare,True
Neo S12,Wukong Prime Chassis Blueprint,uncommon,True
Neo S12,Mirage Prime Systems Blueprint,uncommon,True
Neo S12,Fang Prime Blade,common,True
Neo S12,Redeemer Prime Blade,common,True
Neo S12,Paris Prime Upper Limb,common,True
Neo S13,Saryn Prime Chassis Blueprint,rare,True
Neo S13,Cernos Prime Blueprint,uncommon,True
Neo S13,2X Forma Blueprint,uncommon,True
Neo S13,Saryn Prime Systems Blueprint,common,True
Neo S13,Spira Prime Blueprint,common,True
Neo S13,Nikana Prime Blueprint,common,True
Neo S14,Stradavar Prime Blueprint,rare,True
Neo S14,Fang Prime Handle,uncommon,True
Neo S14,Pangolin Prime Blade,uncommon,True
Neo S14,Karyst Prime Blueprint,common,True
Neo S14,Ninkondi Prime Blueprint,common,True
Neo S14,Forma Blueprint,common,True
Neo S15,Scourge Prime Barrel,rare,True
Neo S15,Garuda Prime Chassis Blueprint,uncommon,True
Neo S15,Bronco Prime Barrel,uncommon,True
Neo S15,Forma Blueprint,common,True
Neo S15,Octavia Prime Neuroptics Blueprint,common,True
Neo S15,Astilla Prime Receiver,common,True
Neo S16,Silva & Aegis Prime Guard,rare,True
Neo S16,Oberon Prime Blueprint,uncommon,True
Neo S16,Aksomati Prime Barrel,uncommon,True
Neo S16,Braton Prime Stock,common,True
Neo S16,Forma Blueprint,common,True
Neo S16,Lex Prime Receiver,common,True
Neo S17,Strun Prime Blueprint,rare,True
Neo S17,Hildryn Prime Neuroptics Blueprint,uncommon,True
Neo S17,Baruuk Prime Chassis Blueprint,uncommon,True
Neo S17,Revenant Prime Chassis Blueprint,common,True
Neo S17,Forma Blueprint,common,True
Neo S17,Paris Prime Lower Limb,common,True
Neo S18,Shade Prime Carapace,rare,True
Neo S18,Grendel Prime Chassis Blueprint,uncommon,True
Neo S18,Cobra & Crane Prime Blueprint,uncommon,True
Neo S18,Forma Blueprint,common,True
Neo S18,Tatsu Prime Blueprint,common,True
Neo S18,Hildryn Prime Systems Blueprint,common,True
Neo S19,Strun Prime Blueprint,rare,True
Neo S19,Saryn Prime Neuroptics Blueprint,uncommon,True
Neo S19,Nidus Prime Neuroptics Blueprint,uncommon,True
Neo S19,Strun Prime Receiver,common,True
Neo S19,Paris Prime Blueprint,common,True
Neo S19,Forma Blueprint,common,True
Neo S2,Nyx Prime Systems Blueprint,uncommon,True
Neo S2,Saryn Prime Chassis Blueprint,rare,True
Neo S2,Burston Prime Stock,common,True
Neo S2,Paris Prime Lower Limb,common,True
Neo S2,Nova Prime Systems Blueprint,common,True
Neo S2,Paris Prime Upper Limb,uncommon,True
Neo S20,Sevagoth Prime Chassis Blueprint,rare,True
Neo S20,2X Forma Blueprint,uncommon,True
Neo S20,Vadarya Prime Receiver,uncommon,True
Neo S20,Sarofang Prime Handle,common,True
Neo S20,Fang Prime Blade,common,True
Neo S20,Kompressa Prime Blueprint,common,True
Neo S3,Soma Prime Barrel,common,True
Neo S3,2X Forma Blueprint,uncommon,True
Neo S3,Vasto Prime Blueprint,uncommon,True
Neo S3,Spira Prime Blade,rare,True
Neo S3,Carrier Prime Blueprint,common,True
Neo S3,Burston Prime Receiver,common,True
Neo S5,Sicarus Prime Receiver,rare,True
Neo S5,Glaive Prime Disc,uncommon,True
Neo S5,Frost Prime Systems Blueprint,uncommon,True
Neo S5,Latron Prime Receiver,common,True
Neo S5,Ember Prime Neuroptics Blueprint,common,True
Neo S5,Reaper Prime Blueprint,common,True
Neo S6,Silva & Aegis Prime Guard,rare,True
Neo S6,Tigris Prime Receiver,uncommon,True
Neo S6,Kavasa Prime Buckle,uncommon,True
Neo S6,Burston Prime Blueprint,common,True
Neo S6,Forma Blueprint,common,True
Neo S6,Trinity Prime Neuroptics Blueprint,common,True
Neo S7,Silva & Aegis Prime Guard,rare,True
Neo S7,Sybaris Prime Receiver,uncommon,True
Neo S7,Ballistica Prime Receiver,uncommon,True
Neo S7,Banshee Prime Neuroptics Blueprint,common,True
Neo S7,Fang Prime Blade,common,True
Neo S7,Helios Prime Carapace,common,True
Neo S8,Spira Prime Pouch,rare,True
Neo S8,Nikana Prime Blueprint,uncommon,True
Neo S8,Fragor Prime Blueprint,uncommon,True
Neo S8,Forma Blueprint,common,True
Neo S8,Bronco Prime Receiver,common,True
Neo S8,Hydroid Prime Chassis Blueprint,common,True
Neo S9,Silva & Aegis Prime Guard,rare,True
Neo S9,Destreza Prime Blueprint,uncommon,True
Neo S9,2X Forma Blueprint,uncommon,True
Neo S9,Akjagara Prime Blueprint,common,True
Neo S9,Bronco Prime Blueprint,common,True
Neo S9,Mirage Prime Neuroptics Blueprint,common,True
Neo T1,Tigris Prime Blueprint,rare,True
Neo T1,Banshee Prime Blueprint,uncommon,True
Neo T1,Fragor Prime Handle,uncommon,True
Neo T1,Forma Blueprint,common,True
Neo T1,Dual Kamas Prime Blueprint,common,True
Neo T1,Burston Prime Blueprint,common,True
Neo T10,Trumna Prime Receiver,rare,True
Neo T10,Gyre Prime Blueprint,uncommon,True
Neo T10,Nautilus Prime Systems,uncommon,True
Neo T10,Lex Prime Blueprint,common,True
Neo T10,Forma Blueprint,common,True
Neo T10,Dual Zoren Prime Handle,common,True
Neo T11,Trumna Prime Receiver,rare,False
Neo T11,Kestrel Prime Blueprint,uncommon,False
Neo T11,Yareli Prime Blueprint,uncommon,False
Neo T11,Forma Blueprint,common,False
Neo T11,Braton Prime Barrel,common,False
Neo T11,Perigale Prime Stock,common,False
Neo T2,Tekko Prime Blade,rare,True
Neo T2,Dethcube Prime Carapace,uncommon,True
Neo T2,2X Forma Blueprint,uncommon,True
Neo T2,Akbronco Prime Blueprint,common,True
Neo T2,Wukong Prime Neuroptics Blueprint,common,True
Neo T2,Fang Prime Blueprint,common,True
Neo T3,Titania Prime Systems Blueprint,rare,True
Neo T3,Inaros Prime Chassis Blueprint,uncommon,True
Neo T3,Atlas Prime Chassis Blueprint,uncommon,True
Neo T3,Redeemer Prime Blade,common,True
Neo T3,Braton Prime Blueprint,common,True
Neo T3,Forma Blueprint,common,True
Neo T4,Tenora Prime Receiver,rare,True
Neo T4,Astilla Prime Blueprint,uncommon,True
Neo T4,Guandao Prime Blueprint,uncommon,True
Neo T4,Braton Prime Stock,common,True
Neo T4,Ivara Prime Neuroptics Blueprint,common,True
Neo T4,Forma Blueprint,common,True
Neo T5,Tenora Prime Barrel,rare,True
Neo T5,Magnus Prime Receiver,uncommon,True
Neo T5,Corinth Prime Receiver,uncommon,True
Neo T5,Aksomati Prime Receiver,common,True
Neo T5,Inaros Prime Systems Blueprint,common,True
Neo T5,Braton Prime Barrel,common,True
Neo T6,Tenora Prime Barrel,rare,True
Neo T6,Scourge Prime Handle,uncommon,True
Neo T6,Tatsu Prime Blade,uncommon,True
Neo T6,Astilla Prime Receiver,common,True
Neo T6,Forma Blueprint,common,True
Neo T6,Burston Prime Stock,common,True
Neo T7,Tatsu Prime Handle,rare,True
Neo T7,Gunsen Prime Handle,uncommon,True
Neo T7,2X Forma Blueprint,uncommon,True
Neo T7,Afuris Prime Blueprint,common,True
Neo T7,Orthos Prime Handle,common,True
Neo T7,Harrow Prime Chassis Blueprint,common,True
Neo T8,Tenora Prime Receiver,rare,True
Neo T8,Pandero Prime Barrel,uncommon,True
Neo T8,Nezha Prime Neuroptics Blueprint,uncommon,True
Neo T8,Octavia Prime Systems Blueprint,common,True
Neo T8,Vasto Prime Receiver,common,True
Neo T8,Forma Blueprint,common,True
Neo T9,Trumna Prime Receiver,rare,True
Neo T9,Gauss Prime Blueprint,uncommon,True
Neo T9,Cedo Prime Barrel,uncommon,True
Neo T9,Forma Blueprint,common,True
Neo T9,Sevagoth Prime Neuroptics Blueprint,common,True
Neo T9,Braton Prime Barrel,common,True
Neo V1,Nyx Prime Blueprint,common,True
Neo V1,Forma Blueprint,common,True
Neo V1,Bronco Prime Barrel,uncommon,True
Neo V1,Volt Prime Blueprint,uncommon,True
Neo V1,Dual Kamas Prime Blueprint,common,True
Neo V1,Nova Prime Chassis Blueprint,rare,True
Neo V10,Volnus Prime Handle,rare,True
Neo V10,Akbronco Prime Link,uncommon,True
Neo V10,Inaros Prime Chassis Blueprint,uncommon,True
Neo V10,Braton Prime Receiver,common,True
Neo V10,Guandao Prime Blade,common,True
Neo V10,Forma Blueprint,common,True
Neo V11,Voruna Prime Systems Blueprint,rare,True
Neo V11,Epitaph Prime Barrel,uncommon,True
Neo V11,Xaku Prime Chassis Blueprint,uncommon,True
Neo V11,Paris Prime Blueprint,common,True
Neo V11,Akbronco Prime Blueprint,common,True
Neo V11,Yareli Prime Chassis Blueprint,common,True
Neo V12,Voruna Prime Systems Blueprint,rare,False
Neo V12,Xaku Prime Chassis Blueprint,uncommon,False
Neo V12,Quassus Prime Blueprint,uncommon,False
Neo V12,Akbronco Prime Blueprint,common,False
Neo V12,Paris Prime Blueprint,common,False
Neo V12,Yareli Prime Chassis Blueprint,common,False
Neo V13,Vadarya Prime Blueprint,rare,
Neo V13,Lavos Prime Neuroptics Blueprint,uncommon,
Neo V13,2X Forma Blueprint,uncommon,
Neo V13,Paris Prime String,common,
Neo V13,Sarofang Prime Handle,common,
Neo V13,Styanax Prime Blueprint,common,
Neo V2,Vauban Prime Blueprint,rare,True
Neo V2,Galatine Prime Handle,uncommon,True
Neo V2,2X Forma Blueprint,uncommon,True
Neo V2,Fang Prime Handle,common,True
Neo V2,Braton Prime Stock,common,True
Neo V2,Galatine Prime Blade,common,True
Neo V3,Vauban Prime Neuroptics Blueprint,rare,True
Neo V3,Tigris Prime Receiver,uncommon,True
Neo V3,2X Forma Blueprint,uncommon,True
Neo V3,Galatine Prime Blade,common,True
Neo V3,Paris Prime String,common,True
Neo V3,Carrier Prime Systems,common,True
Neo V4,Venka Prime Gauntlet,rare,True
Neo V4,Saryn Prime Neuroptics Blueprint,uncommon,True
Neo V4,Ash Prime Neuroptics Blueprint,uncommon,True
Neo V4,Cernos Prime Grip,common,True
Neo V4,Tigris Prime Stock,common,True
Neo V4,Bronco Prime Receiver,common,True
Neo V5,Vauban Prime Neuroptics Blueprint,rare,True
Neo V5,2X Forma Blueprint,uncommon,True
Neo V5,Burston Prime Barrel,uncommon,True
Neo V5,Helios Prime Carapace,common,True
Neo V5,Paris Prime String,common,True
Neo V5,Silva & Aegis Prime Hilt,common,True
Neo V6,Vauban Prime Chassis Blueprint,rare,True
Neo V6,Mirage Prime Systems Blueprint,uncommon,True
Neo V6,Fragor Prime Handle,uncommon,True
Neo V6,Burston Prime Stock,common,True
Neo V6,Cernos Prime Grip,common,True
Neo V6,Forma Blueprint,common,True
Neo V7,Valkyr Prime Chassis Blueprint,rare,True
Neo V7,Banshee Prime Blueprint,uncommon,True
Neo V7,Cernos Prime Blueprint,uncommon,True
Neo V7,Pyrana Prime Barrel,common,True
Neo V7,Akbolto Prime Blueprint,common,True
Neo V7,Forma Blueprint,common,True
Neo V8,Volt Prime Neuroptics Blueprint,rare,True
Neo V8,Bo Prime Handle,uncommon,True
Neo V8,2X Forma Blueprint,uncommon,True
Neo V8,Loki Prime Blueprint,common,True
Neo V8,Odonata Prime Harness Blueprint,common,True
Neo V8,Wyrm Prime Blueprint,common,True
Neo V9,Valkyr Prime Chassis Blueprint,rare,False
Neo V9,Cernos Prime Blueprint,uncommon,False
Neo V9,Lex Prime Blueprint,uncommon,False
Neo V9,Venka Prime Blades,common,False
Neo V9,Forma Blueprint,common,False
Neo V9,Nyx Prime Blueprint,common,False
Neo W1,Wisp Prime Chassis Blueprint,rare,True
Neo W1,2X Forma Blueprint,uncommon,True
Neo W1,Dual Keres Prime Handle,uncommon,True
Neo W1,Gauss Prime Chassis Blueprint,common,True
Neo W1,Lex Prime Receiver,common,True
Neo W1,Shade Prime Cerebrum,common,True
Neo W2,Wisp Prime Blueprint,rare,True
Neo W2,Burston Prime Barrel,uncommon,True
Neo W2,2X Forma Blueprint,uncommon,True
Neo W2,Trumna Prime Blueprint,common,True
Neo W2,Nautilus Prime Carapace,common,True
Neo W2,Akbronco Prime Blueprint,common,True
Neo X1,Xaku Prime Blueprint,rare,True
Neo X1,Braton Prime Receiver,uncommon,True
Neo X1,Quassus Prime Blueprint,uncommon,True
Neo X1,Lavos Prime Chassis Blueprint,common,True
Neo X1,Akarius Prime Barrel,common,True
Neo X1,Forma Blueprint,common,True
Neo Y1,Yareli Prime Systems Blueprint,rare,False
Neo Y1,Styanax Prime Systems Blueprint,uncommon,False
Neo Y1,2X Forma Blueprint,uncommon,False
Neo Y1,Fang Prime Blueprint,common,False
Neo Y1,Lex Prime Receiver,common,False
Neo Y1,Trumna Prime Blueprint,common,False
Neo Y2,Yareli Prime Systems Blueprint,rare,
Neo Y2,Steflos Prime Blueprint,uncommon,
Neo Y2,2X Forma Blueprint,uncommon,
Neo Y2,Burston Prime Stock,common,
Neo Y2,Venato Prime Handle,common,
Neo Y2,Lex Prime Blueprint,common,
Neo Z1,Zephyr Prime Blueprint,rare,True
Neo Z1,Galatine Prime Handle,uncommon,True
Neo Z1,2X Forma Blueprint,uncommon,True
Neo Z1,Paris Prime Blueprint,common,True
Neo Z1,Nekros Prime Chassis Blueprint,common,True
Neo Z1,Orthos Prime Handle,common,True
Neo Z10,Zylok Prime Blueprint,rare,True
Neo Z10,Revenant Prime Neuroptics Blueprint,uncommon,True
Neo Z10,Phantasma Prime Blueprint,uncommon,True
Neo Z10,Afuris Prime Blueprint,common,True
Neo Z10,Gunsen Prime Blueprint,common,True
Neo Z10,Forma Blueprint,common,True
Neo Z11,Zylok Prime Blueprint,rare,True
Neo Z11,Okina Prime Handle,uncommon,True
Neo Z11,Shade Prime Blueprint,uncommon,True
Neo Z11,Forma Blueprint,common,True
Neo Z11,Bronco Prime Receiver,common,True
Neo Z11,Acceltra Prime Blueprint,common,True
Neo Z2,Zephyr Prime Blueprint,rare,True
Neo Z2,Mesa Prime Blueprint,uncommon,True
Neo Z2,Pyrana Prime Receiver,uncommon,True
Neo Z2,Lex Prime Blueprint,common,True
Neo Z2,Akbolto Prime Blueprint,common,True
Neo Z2,Braton Prime Stock,common,True
Neo Z3,Zhuge Prime Barrel,rare,True
Neo Z3,Mesa Prime Blueprint,uncommon,True
Neo Z3,Akjagara Prime Receiver,uncommon,True
Neo Z3,Bronco Prime Receiver,common,True
Neo Z3,Zephyr Prime Neuroptics Blueprint,common,True
Neo Z3,Forma Blueprint,common,True
Neo Z4,Zephyr Prime Blueprint,rare,True
Neo Z4,2X Forma Blueprint,uncommon,True
Neo Z4,Redeemer Prime Blueprint,uncommon,True
Neo Z4,Paris Prime String,common,True
Neo Z4,Burston Prime Stock,common,True
Neo Z4,Kronen Prime Blueprint,common,True
Neo Z5,Zhuge Prime Barrel,rare,True
Neo Z5,Aksomati Prime Barrel,uncommon,True
Neo Z5,2X Forma Blueprint,uncommon,True
Neo Z5,Lex Prime Barrel,common,True
Neo Z5,Burston Prime Stock,common,True
Neo Z5,Akjagara Prime Blueprint,common,True
Neo Z6,Zhuge Prime Barrel,rare,True
Neo Z6,Tipedo Prime Ornament,uncommon,True
Neo Z6,Titania Prime Neuroptics Blueprint,uncommon,True
Neo Z6,Guandao Prime Blade,common,True
Neo Z6,Paris Prime String,common,True
Neo Z6,Braton Prime Blueprint,common,True
Neo Z7,Zhuge Prime Barrel,rare,True
Neo Z7,Octavia Prime Chassis Blueprint,uncommon,True
Neo Z7,Akbronco Prime Link,uncommon,True
Neo Z7,Forma Blueprint,common,True
Neo Z7,Wukong Prime Neuroptics Blueprint,common,True
Neo Z7,Atlas Prime Blueprint,common,True
Neo Z8,Zephyr Prime Systems Blueprint,rare,True
Neo Z8,Gram Prime Blueprint,uncommon,True
Neo Z8,2X Forma Blueprint,uncommon,True
Neo Z8,Kronen Prime Blueprint,common,True
Neo Z8,Chroma Prime Chassis Blueprint,common,True
Neo Z8,Braton Prime Stock,common,True
Neo Z9,Zhuge Prime Barrel,rare,True
Neo Z9,Wukong Prime Systems Blueprint,uncommon,True
Neo Z9,Ninkondi Prime Chain,uncommon,True
Neo Z9,Equinox Prime Chassis Blueprint,common,True
Neo Z9,Burston Prime Blueprint,common,True
Neo Z9,Forma Blueprint,common,True
Requiem,Exilus Weapon Adapter Blueprint,rare,
Requiem,Lohk,uncommon,
Requiem,Xata,uncommon,
Requiem,1200X Kuva,common,
Requiem,Ayatan Amber Star,common,
Requiem,Riven Sliver,common,
Requiem I,Exilus Weapon Adapter Blueprint,rare,
Requiem I,Lohk,uncommon,
Requiem I,Xata,uncommon,
Requiem I,1200X Kuva,common,
Requiem I,Ayatan Amber Star,common,
Requiem I,Riven Sliver,common,
Requiem Ii,Exilus Weapon Adapter Blueprint,rare,
Requiem Ii,Jahu,uncommon,
Requiem Ii,Vome,uncommon,
Requiem Ii,1200X Kuva,common,
Requiem Ii,Ayatan Amber Star,common,
Requiem Ii,Riven Sliver,common,
Requiem Iii,Exilus Weapon Adapter Blueprint,rare,
Requiem Iii,Ris,uncommon,
Requiem Iii,Fass,uncommon,
Requiem Iii,1200X Kuva,common,
Requiem Iii,Ayatan Amber Star,common,
Requiem Iii,Riven Sliver,common,
Requiem Iv,Exilus Weapon Adapter Blueprint,rare,
Requiem Iv,Netra,uncommon,
Requiem Iv,Khra,uncommon,
Requiem Iv,1200X Kuva,common,
Requiem Iv,Ayatan Amber Star,common,
Requiem Iv,Riven Sliver,common,
Vanguard C1,Caliban Prime Systems Blueprint,rare,False
Vanguard C1,Mesa Prime Systems Blueprint,uncommon,False
Vanguard C1,Ash Prime Systems Blueprint,uncommon,False
Vanguard C1,Protea Prime Blueprint,common,False
Vanguard C1,Ember Prime Chassis Blueprint,common,False
Vanguard C1,Volt Prime Blueprint,common,False
Vanguard E1,Ember Prime Blueprint,rare,False
Vanguard E1,Caliban Prime Neuroptics Blueprint,uncommon,False
Vanguard E1,Ash Prime Blueprint,uncommon,False
Vanguard E1,Protea Prime Neuroptics Blueprint,common,False
Vanguard E1,Mesa Prime Chassis Blueprint,common,False
Vanguard E1,Volt Prime Chassis Blueprint,common,False
Vanguard M1,Mesa Prime Neuroptics Blueprint,rare,False
Vanguard M1,Volt Prime Systems Blueprint,uncommon,False
Vanguard M1,Protea Prime Chassis Blueprint,uncommon,False
Vanguard M1,Ember Prime Neuroptics Blueprint,common,False
Vanguard M1,Ash Prime Chassis Blueprint,common,False
Vanguard M1,Caliban Prime Blueprint,common,False
Vanguard P1,Protea Prime Systems Blueprint,rare,False
Vanguard P1,Volt Prime Neuroptics Blueprint,uncommon,False
Vanguard P1,Ember Prime Systems Blueprint,uncommon,False
Vanguard P1,Caliban Prime Chassis Blueprint,common,False
Vanguard P1,Mesa Prime Blueprint,common,False
Vanguard P1,Ash Prime Neuroptics Blueprint,common,False
